{
  "metadata": {
    "id": "armor",
    "label": "armor",
    "type": "world",
    "package": "RNK",
    "path": "packs/armor.db",
    "name": "armor"
  },
  "entries": [
    {
      "_id": "umarmor001",
      "name": "Heavy Leather Coat",
      "type": "armor",
      "img": "icons/equipment/chest/coat-long-leather-brown.webp",
      "system": {
        "description": "<p>A heavy leather coat worn by Undertakers and other professionals who face physical danger. Provides modest protection while allowing freedom of movement.</p>",
        "armorType": "light",
        "protection": {
          "torso": 1,
          "arms": 1
        },
        "weight": "light",
        "penalties": {},
        "special": [],
        "cost": {
          "pounds": 2,
          "shillings": 0,
          "pence": 0
        },
        "equipped": false
      }
    },
    {
      "_id": "umarmor002",
      "name": "Leather Armour",
      "type": "armor",
      "img": "icons/equipment/chest/breastplate-leather-brown.webp",
      "system": {
        "description": "<p>Hardened leather armour providing protection to vital areas. Common among those who expect combat but need mobility.</p>",
        "armorType": "light",
        "protection": {
          "torso": 2,
          "arms": 1,
          "legs": 1
        },
        "weight": "light",
        "penalties": {},
        "special": [],
        "cost": {
          "pounds": 5,
          "shillings": 0,
          "pence": 0
        },
        "equipped": false
      }
    },
    {
      "_id": "umarmor003",
      "name": "Chain Mail",
      "type": "armor",
      "img": "icons/equipment/chest/breastplate-scale-grey.webp",
      "system": {
        "description": "<p>Interlocking metal rings providing excellent protection against slashing attacks. Worn beneath outer garments by those expecting serious combat.</p>",
        "armorType": "medium",
        "protection": {
          "torso": 2,
          "arms": 2,
          "legs": 2
        },
        "weight": "medium",
        "penalties": {
          "coordination": -1,
          "awareness": -1
        },
        "special": [
          "Can be worn concealed under clothing"
        ],
        "cost": {
          "pounds": 15,
          "shillings": 0,
          "pence": 0
        },
        "equipped": false
      }
    },
    {
      "_id": "umarmor004",
      "name": "Aetherically Grounded Chain Mail",
      "type": "armor",
      "img": "icons/equipment/chest/breastplate-scale-gold.webp",
      "system": {
        "description": "<p>Chain mail treated with special materials that ground galvanic energy. Provides double protection against galvanic weapons. Favored by those fighting the Deathwatch's former members or rogue scientists.</p>",
        "armorType": "medium",
        "protection": {
          "torso": 2,
          "arms": 2,
          "legs": 2
        },
        "galvanicProtection": {
          "torso": 4,
          "arms": 4,
          "legs": 4
        },
        "weight": "medium",
        "penalties": {
          "coordination": -1,
          "awareness": -1
        },
        "special": [
          "Double protection vs. galvanic weapons"
        ],
        "cost": {
          "pounds": 40,
          "shillings": 0,
          "pence": 0
        },
        "equipped": false
      }
    },
    {
      "_id": "umarmor005",
      "name": "Deathwatch Armour",
      "type": "armor",
      "img": "icons/equipment/chest/breastplate-metal-steel-grey.webp",
      "system": {
        "description": "<p>Full-body protective armour issued to Deathwatch soldiers. Rigid leather and steel plates cover the entire body, including gauntlets, boots, and helmet. The pinnacle of military protective equipment.</p>",
        "armorType": "heavy",
        "protection": {
          "head": 2,
          "torso": 3,
          "arms": 2,
          "legs": 2
        },
        "weight": "heavy",
        "penalties": {
          "coordination": -2,
          "movement": -1
        },
        "special": [
          "Full body coverage",
          "Integrated with filtration mask"
        ],
        "cost": {
          "pounds": 100,
          "shillings": 0,
          "pence": 0
        },
        "restricted": true,
        "equipped": false
      }
    },
    {
      "_id": "umarmor006",
      "name": "Deathwatch Cowl",
      "type": "armor",
      "img": "icons/equipment/head/hood-cowl-leather-brown.webp",
      "system": {
        "description": "<p>A reinforced leather cowl providing head protection. Often worn by veterans and those who have served in the Deathwatch.</p>",
        "armorType": "light",
        "protection": {
          "head": 1
        },
        "weight": "light",
        "penalties": {},
        "special": [],
        "cost": {
          "pounds": 3,
          "shillings": 0,
          "pence": 0
        },
        "equipped": false
      }
    },
    {
      "_id": "umarmor007",
      "name": "Respirator",
      "type": "armor",
      "img": "icons/equipment/head/mask-gas-leather-brown.webp",
      "system": {
        "description": "<p>A standard filtration mask that protects against airborne contaminants, including the Plague. Essential equipment for anyone venturing into dangerous areas or dealing with corpses.</p>",
        "armorType": "accessory",
        "protection": {},
        "weight": "none",
        "penalties": {
          "charm": -1
        },
        "special": [
          "Protects against airborne Plague",
          "Filters toxic air"
        ],
        "cost": {
          "pounds": 1,
          "shillings": 10,
          "pence": 0
        },
        "equipped": false
      }
    },
    {
      "_id": "umarmor008",
      "name": "High Quality Respirator",
      "type": "armor",
      "img": "icons/equipment/head/mask-gas-copper.webp",
      "system": {
        "description": "<p>A superior filtration mask with better seals and higher quality materials. Provides enhanced protection and is more comfortable for extended wear.</p>",
        "armorType": "accessory",
        "protection": {},
        "weight": "none",
        "penalties": {},
        "special": [
          "Superior plague protection",
          "Enhanced filtration",
          "Comfortable for extended wear"
        ],
        "cost": {
          "pounds": 5,
          "shillings": 0,
          "pence": 0
        },
        "equipped": false
      }
    },
    {
      "_id": "umarmor009",
      "name": "Fashionable Respirator",
      "type": "armor",
      "img": "icons/equipment/head/mask-gas-silver.webp",
      "system": {
        "description": "<p>A stylish respirator designed for the aristocracy and upper classes. Often made of polished silver or adorned with decorative elements while maintaining functionality.</p>",
        "armorType": "accessory",
        "protection": {},
        "weight": "none",
        "penalties": {},
        "special": [
          "Standard plague protection",
          "Socially acceptable",
          "No Charm penalty"
        ],
        "cost": {
          "pounds": 10,
          "shillings": 0,
          "pence": 0
        },
        "equipped": false
      }
    },
    {
      "_id": "umarmor010",
      "name": "Mourner's Vestments",
      "type": "armor",
      "img": "icons/equipment/chest/robe-layered-tattered-black.webp",
      "system": {
        "description": "<p>The ritual vestments worn by Mourners. While providing minimal physical protection, they are treated to resist contamination and carry religious significance.</p>",
        "armorType": "light",
        "protection": {
          "torso": 1
        },
        "weight": "light",
        "penalties": {},
        "special": [
          "Plague resistant",
          "Religiously significant"
        ],
        "cost": {
          "pounds": 3,
          "shillings": 0,
          "pence": 0
        },
        "equipped": false
      }
    },
    {
      "_id": "umarmor011",
      "name": "Reinforced Gauntlets",
      "type": "armor",
      "img": "icons/equipment/hand/gauntlet-plate-steel.webp",
      "system": {
        "description": "<p>Heavy leather or steel gauntlets providing protection to the hands and forearms. Essential for those who deal with animates or other dangerous creatures.</p>",
        "armorType": "light",
        "protection": {
          "arms": 1
        },
        "weight": "light",
        "penalties": {},
        "special": [
          "Protects against bites",
          "+1 to unarmed damage"
        ],
        "cost": {
          "pounds": 2,
          "shillings": 0,
          "pence": 0
        },
        "equipped": false
      }
    },
    {
      "_id": "umarmor012",
      "name": "Steel-Toed Boots",
      "type": "armor",
      "img": "icons/equipment/feet/boots-leather-grey-steel.webp",
      "system": {
        "description": "<p>Heavy boots with reinforced steel toes. Provides leg protection and enhances kick attacks.</p>",
        "armorType": "light",
        "protection": {
          "legs": 1
        },
        "weight": "light",
        "penalties": {},
        "special": [
          "+1 to kick damage"
        ],
        "cost": {
          "pounds": 1,
          "shillings": 10,
          "pence": 0
        },
        "equipped": false
      }
    }
  ]
}