{
  "metadata": {
    "id": "callings",
    "label": "callings",
    "type": "world",
    "package": "RNK",
    "path": "packs/callings.db",
    "name": "callings"
  },
  "entries": [
    {
      "_id": "umcalling001",
      "name": "Undertaker",
      "type": "calling",
      "img": "icons/skills/trades/academics-investigation-study-skulls.webp",
      "system": {
        "description": "<p>Grim, quiet, and determined, Undertakers are licensed bounty hunters who make their living destroying the undead. They wear plates of armour beneath heavy leather coats, faces concealed behind respirators, hands covered in thick leather gloves. Armed with an arsenal of firearms, explosives, and blades, they hunt animates, vampires, and thropes for the bounties paid by the Office of Urban Defence.</p><p>The most successful Undertakers become scholars of folklore, exhaustively researching the monsters they hunt. Many own scores of specialized tomes or have access to the finest libraries in London.</p>",
        "socialClassOptions": [
          "working",
          "middle"
        ],
        "attributeBonus": {
          "coordination": 1
        },
        "startingSkills": {
          "firearms": 2,
          "melee": 2,
          "awareness": 1,
          "occult": 1,
          "survival": 1,
          "intimidation": 1
        },
        "startingWealth": {
          "pounds": 20,
          "shillings": 0,
          "pence": 0
        },
        "startingEquipment": [
          "Respirator",
          "Heavy leather coat",
          "OUD License",
          "Choice of firearm",
          "Melee weapon",
          "Collection kit"
        ],
        "specialAbility": "Licensed Hunter",
        "specialAbilityDescription": "Undertakers are licensed by the OUD to hunt and destroy animates, vampires, and thropes. They may collect bounties for verified kills."
      }
    },
    {
      "_id": "umcalling002",
      "name": "Deathwatch Soldier",
      "type": "calling",
      "img": "icons/skills/melee/weapons-crossed-swords-black-gray.webp",
      "system": {
        "description": "<p>Charged with nothing less than the security of the nation, Deathwatch soldiers must remain ever vigilant, ever ready to combat the animate dead. Encased in protective layers of rigid leather and steel, each is issued plated full-body armour, including boots, gauntlets, and a helmet.</p><p>Armed with the most advanced weapons known to man, including bolt-action rifles, grenade launchers, shotguns, flamethrowers, and devastating galvanic weapons, they stand as humanity's first line of defence against the Plague.</p>",
        "socialClassOptions": [
          "working",
          "middle"
        ],
        "attributeBonus": {
          "vitality": 1
        },
        "startingSkills": {
          "firearms": 3,
          "athletics": 2,
          "melee": 1,
          "endurance": 2,
          "awareness": 1,
          "demolitions": 1
        },
        "startingWealth": {
          "pounds": 5,
          "shillings": 0,
          "pence": 0
        },
        "startingEquipment": [
          "Deathwatch armour",
          "Filtration mask",
          "Westgate Executioner 12mm",
          "Kramer 2013 rifle",
          "Combat knife",
          "Medical kit",
          "Rations",
          "Canteen"
        ],
        "specialAbility": "Military Training",
        "specialAbilityDescription": "Deathwatch soldiers receive intensive combat training and have access to military-grade equipment. They gain a +1 bonus to initiative in combat."
      }
    },
    {
      "_id": "umcalling003",
      "name": "Mourner",
      "type": "calling",
      "img": "icons/magic/death/skull-humanoid-white-blue.webp",
      "system": {
        "description": "<p>Mourners are specialists in the funerary arts, responsible for ensuring that the dead remain dead. They manage crematoriums, perform last rites, and investigate suspicious deaths that may lead to Plague outbreaks.</p><p>Working closely with both the Church and the Metropolitan Police, Mourners combine practical knowledge of corpse disposal with occult expertise in preventing reanimation.</p>",
        "socialClassOptions": [
          "working",
          "middle",
          "upperMiddle"
        ],
        "attributeBonus": {
          "will": 1
        },
        "startingSkills": {
          "occult": 3,
          "medicine": 2,
          "awareness": 2,
          "empathy": 1,
          "academics": 1,
          "meditation": 1
        },
        "startingWealth": {
          "pounds": 15,
          "shillings": 0,
          "pence": 0
        },
        "startingEquipment": [
          "Mourner's vestments",
          "Cremation tools",
          "Holy symbols",
          "Service revolver",
          "Reference texts"
        ],
        "specialAbility": "Last Rites",
        "specialAbilityDescription": "Mourners can perform consecration rituals that reduce the chance of corpses reanimating. They also have deep knowledge of preventing and detecting the Plague."
      }
    },
    {
      "_id": "umcalling004",
      "name": "Aristocrat",
      "type": "calling",
      "img": "icons/commodities/treasure/crown-gold-laurel-wreath.webp",
      "system": {
        "description": "<p>At the apex of Neo-Victorian society stand the aristocracy, wielding power through social connections, inherited wealth, and political influence. Among many aristocratic families, intrigue and even murder have been practiced arts for centuries.</p><p>Aristocrats navigate the complex web of high society, manipulating events from drawing rooms and dinner parties rather than the battlefield.</p>",
        "socialClassOptions": [
          "upper",
          "aristocracy"
        ],
        "attributeBonus": {
          "charm": 1
        },
        "startingSkills": {
          "etiquette": 3,
          "politics": 2,
          "negotiation": 2,
          "subterfuge": 2,
          "leadership": 1,
          "academics": 1
        },
        "startingWealth": {
          "pounds": 500,
          "shillings": 0,
          "pence": 0
        },
        "startingEquipment": [
          "Fine wardrobe",
          "Calling cards",
          "Personal effects",
          "Small holdout pistol (optional)"
        ],
        "specialAbility": "Social Standing",
        "specialAbilityDescription": "Aristocrats command respect and deference from the lower classes. They gain bonuses to social rolls when dealing with those of lower status and have access to exclusive circles of power."
      }
    },
    {
      "_id": "umcalling005",
      "name": "Criminal",
      "type": "calling",
      "img": "icons/skills/trades/profession-rogue-pickpocket.webp",
      "system": {
        "description": "<p>Crime is all too familiar to the Neo-Victorians. The criminal underground operates relatively unhindered throughout the metropolis despite the best efforts of the Metropolitan Police. From sneaks and pickpockets to burglars and resurrection men, the Family shares a curious bond.</p><p>Criminals have given up their humanity to prey upon their fellow men, operating from flash houses and navigating the dangerous rookeries where even the police dare not tread.</p>",
        "socialClassOptions": [
          "gutter",
          "working"
        ],
        "attributeBonus": {
          "wit": 1
        },
        "startingSkills": {
          "larceny": 3,
          "stealth": 2,
          "streetwise": 2,
          "awareness": 1,
          "subterfuge": 2,
          "brawl": 1
        },
        "startingWealth": {
          "pounds": 5,
          "shillings": 0,
          "pence": 0
        },
        "startingEquipment": [
          "Lockpicks",
          "Knife",
          "Dark clothing",
          "Contacts in the underworld"
        ],
        "specialAbility": "Underworld Connections",
        "specialAbilityDescription": "Criminals have extensive contacts in London's criminal underground. They can obtain illegal goods, fence stolen property, and find refuge in flash houses."
      }
    },
    {
      "_id": "umcalling006",
      "name": "Detective",
      "type": "calling",
      "img": "icons/skills/trades/academics-investigation-magnifying-glass.webp",
      "system": {
        "description": "<p>Detectives of the Criminal Investigation Department operate throughout the metropolis, gathering intelligence and tracking the movements of known criminals. They must know how criminals think and know the areas where criminals live.</p><p>Selected for their intelligence and experience, CID detectives have patience, persistence, courage, and cunning. Many speak cant and rhyming slang, allowing them to blend seamlessly into London's slums.</p>",
        "socialClassOptions": [
          "working",
          "middle",
          "upperMiddle"
        ],
        "attributeBonus": {
          "intellect": 1
        },
        "startingSkills": {
          "criminology": 3,
          "awareness": 2,
          "empathy": 2,
          "streetwise": 2,
          "firearms": 1,
          "subterfuge": 1
        },
        "startingWealth": {
          "pounds": 25,
          "shillings": 0,
          "pence": 0
        },
        "startingEquipment": [
          "CID credentials",
          "Service revolver",
          "Notepad",
          "Magnifying glass",
          "Handcuffs",
          "Plain clothes wardrobe"
        ],
        "specialAbility": "Investigator",
        "specialAbilityDescription": "Detectives have access to police resources, criminal records at New Scotland Yard, and the authority to question suspects. They gain bonuses to investigation-related rolls."
      }
    },
    {
      "_id": "umcalling007",
      "name": "Doctor",
      "type": "calling",
      "img": "icons/tools/laboratory/flask-round-empty-white.webp",
      "system": {
        "description": "<p>Neo-Victorian doctors walk a fine line between healing and hubris. Some work to save lives in hospitals and clinics, while others push the boundaries of medical science in private laboratories. The most controversial work in anti-agapic research, seeking to extend life indefinitely.</p><p>All doctors, however, must contend with the ever-present threat of the Plague and the moral questions raised by a world where the dead refuse to stay dead.</p>",
        "socialClassOptions": [
          "middle",
          "upperMiddle",
          "upper"
        ],
        "attributeBonus": {
          "intellect": 1
        },
        "startingSkills": {
          "medicine": 3,
          "science": 2,
          "academics": 2,
          "awareness": 1,
          "empathy": 1,
          "concentration": 1
        },
        "startingWealth": {
          "pounds": 75,
          "shillings": 0,
          "pence": 0
        },
        "startingEquipment": [
          "Medical bag",
          "Surgical instruments",
          "Medical references",
          "Physician's license",
          "Pharmaceuticals"
        ],
        "specialAbility": "Medical Expertise",
        "specialAbilityDescription": "Doctors can perform surgery, diagnose diseases, and treat injuries with professional skill. They gain bonuses to all medical procedures and have access to restricted pharmaceuticals."
      }
    },
    {
      "_id": "umcalling008",
      "name": "Dhampir",
      "type": "calling",
      "img": "icons/magic/death/undead-vampire-skull-red.webp",
      "system": {
        "description": "<p>Half-vampire, half-human, dhampirs are born when a vampire feeds from a pregnant woman or from rare unions between vampires and mortals. They possess supernatural abilities that make them ideal vampire hunters, able to sense and track their prey with uncanny accuracy.</p><p>Dhampirs exist in a twilight world, distrusted by humans and hunted by vampires. Many become bounty hunters, turning their cursed heritage into a weapon against the creatures of the night.</p>",
        "socialClassOptions": [
          "gutter",
          "working",
          "middle"
        ],
        "attributeBonus": {
          "coordination": 1,
          "will": 1
        },
        "startingSkills": {
          "awareness": 2,
          "melee": 2,
          "stealth": 2,
          "occult": 2,
          "intimidation": 1,
          "endurance": 1
        },
        "startingWealth": {
          "pounds": 10,
          "shillings": 0,
          "pence": 0
        },
        "startingEquipment": [
          "Dark clothing",
          "Stake",
          "Holy water",
          "Weapons of choice"
        ],
        "specialAbility": "Dhampir Senses",
        "specialAbilityDescription": "Dhampirs can sense the presence of vampires and other supernatural creatures. They have low-light vision and are resistant to vampiric mesmerism. They cannot start with Physical Corruption.",
        "restrictions": {
          "noPhysicalCorruption": true,
          "vampiricHunger": true
        }
      }
    },
    {
      "_id": "umcalling009",
      "name": "Alienist",
      "type": "calling",
      "img": "icons/skills/trades/academics-book-study-purple.webp",
      "system": {
        "description": "<p>Neo-Victorian alienists pursue the mysteries of the human mind with scientific rigor. They study mental aberrancies, treat the psychologically disturbed, and investigate the relationship between madness and psychical powers.</p><p>Some alienists establish quiet therapeutic practices while others hunt human predators by profiling criminal behavior. Many are drawn to the study of psychics, seeking to understand the link between mental disturbance and supernatural ability.</p>",
        "socialClassOptions": [
          "middle",
          "upperMiddle",
          "upper"
        ],
        "attributeBonus": {
          "intellect": 1
        },
        "startingSkills": {
          "psychology": 2,
          "medicine": 2,
          "parapsychology": 2,
          "alchemy": 2,
          "galvanics": 2,
          "concentration": 2,
          "interrogation": 2
        },
        "startingWealth": {
          "pounds": 30,
          "shillings": 0,
          "pence": 0
        },
        "startingEquipment": [
          "Psychiatric credentials",
          "Medical instruments",
          "Pharmaceutical supplies",
          "Reference texts",
          "Comfortable couch"
        ],
        "specialAbility": "Medical Authority",
        "specialAbilityDescription": "The Alienist has the legal authority to have any common person committed for psychiatric evaluation. He may access psychoactive drugs and psi-inhibitors through institutional connections."
      }
    },
    {
      "_id": "umcalling010",
      "name": "Exorcist",
      "type": "calling",
      "img": "icons/magic/holy/prayer-hands-glowing-yellow-light.webp",
      "system": {
        "description": "<p>Exorcists are devoutly religious individuals who have devoted their lives to delivering humanity from spectral predations. Relying on the power of faith and sheer force of will, they cast out spirits of the dead and force them to relinquish their hold on the physical world.</p><p>Most are licensed by the Church of England, though exorcists come from many faiths. All must be tireless, vigilant, and strong to execute their duties against the invisible world.</p>",
        "socialClassOptions": [
          "working",
          "middle",
          "upper"
        ],
        "attributeBonus": {
          "will": 1
        },
        "startingSkills": {
          "theology": 3,
          "occult": 2,
          "psychology": 2,
          "concentration": 2,
          "academics": 1,
          "empathy": 1
        },
        "startingWealth": {
          "pounds": 20,
          "shillings": 0,
          "pence": 0
        },
        "startingEquipment": [
          "Holy vestments",
          "Holy symbols",
          "Scripture texts",
          "Consecrated items",
          "Exorcism kit"
        ],
        "specialAbility": "Deliverance",
        "specialAbilityDescription": "The Exorcist can drive spirits from possessed bodies or places with contested Will rolls. He can also lay spirits to rest permanently by reducing their Will to 0."
      }
    },
    {
      "_id": "umcalling011",
      "name": "Medium",
      "type": "calling",
      "img": "icons/magic/perception/eye-tendrils-web-purple.webp",
      "system": {
        "description": "<p>Mediums possess the gift of Second Sight, the ability to perceive and communicate with the spirits of the dead. They are respected for their mysterious gifts and wise counsel, their influence felt throughout the metropolis.</p><p>Some mediums work as spiritualist performers, while others serve as consultants to the police or private investigators. All walk the line between the living and the dead.</p>",
        "socialClassOptions": [
          "working",
          "middle",
          "upperMiddle"
        ],
        "attributeBonus": {
          "charm": 1
        },
        "startingSkills": {
          "secondSight": 1,
          "parapsychology": 2,
          "occult": 2,
          "empathy": 2,
          "concentration": 2,
          "performance": 1
        },
        "startingWealth": {
          "pounds": 15,
          "shillings": 0,
          "pence": 0
        },
        "startingEquipment": [
          "Spirit board",
          "Séance supplies",
          "Crystal ball or scrying mirror",
          "Reference texts"
        ],
        "specialAbility": "Second Sight",
        "specialAbilityDescription": "The Medium can perceive spirits and communicate with the dead. This ability develops with experience, eventually allowing direct interaction with the spirit world."
      }
    },
    {
      "_id": "umcalling012",
      "name": "Parapsychologist",
      "type": "calling",
      "img": "icons/tools/instruments/hourglass-brown-grey.webp",
      "system": {
        "description": "<p>Parapsychologists devote themselves to the scientific investigation of the supernormal. Using specialized equipment and rigorous methodology, they study ghosts, psychics, and other phenomena that defy conventional explanation.</p><p>Many work for universities or research institutions, while others operate as private investigators specializing in spectral cases.</p>",
        "socialClassOptions": [
          "middle",
          "upperMiddle"
        ],
        "attributeBonus": {
          "intellect": 1
        },
        "startingSkills": {
          "parapsychology": 3,
          "science": 2,
          "galvanics": 2,
          "occult": 2,
          "awareness": 2,
          "academics": 1
        },
        "startingWealth": {
          "pounds": 75,
          "shillings": 0,
          "pence": 0
        },
        "startingEquipment": [
          "Research equipment",
          "Aetheric detection devices",
          "Recording equipment",
          "Reference texts",
          "Laboratory access"
        ],
        "specialAbility": "Scientific Method",
        "specialAbilityDescription": "The Parapsychologist applies rigorous scientific methodology to supernatural investigation. He can analyze paranormal phenomena and gains bonuses when using aetheric detection equipment."
      }
    },
    {
      "_id": "umcalling013",
      "name": "Psychic",
      "type": "calling",
      "img": "icons/magic/perception/third-eye-blue.webp",
      "system": {
        "description": "<p>Psychics possess incredible supernormal mental capabilities—the ability to levitate, gaze into the future, or ignite fires with their minds. However, these powers come at a grave cost: psychical abilities are directly linked to mental imbalance.</p><p>Even the most stable psychics are afflicted with latent mental disorders that become more acute over time. At the height of their power, psychics risk being driven incurably insane by their gifts.</p>",
        "socialClassOptions": [
          "working",
          "middle",
          "upperMiddle"
        ],
        "attributeBonus": {
          "will": 1
        },
        "startingSkills": {
          "concentration": 2,
          "academics": 2,
          "parapsychology": 1
        },
        "startingWealth": {
          "pounds": 10,
          "shillings": 0,
          "pence": 0
        },
        "startingEquipment": [
          "Psychic license (if licensed)",
          "Personal effects"
        ],
        "specialAbility": "Psychic Devotions",
        "specialAbilityDescription": "The Psychic begins with one Devotion at level 1 (Empathy, Extrasensory Perception, Prescience, Telepathy, Electrokinesis, Pyrokinesis, or Telekinesis). They also suffer from Latent Insanity and must take one Mental Disorder at character creation."
      }
    },
    {
      "_id": "umcalling014",
      "name": "Soldier",
      "type": "calling",
      "img": "icons/skills/melee/weapons-crossed-swords-yellow.webp",
      "system": {
        "description": "<p>While the Deathwatch defends the walls, the regular British Army maintains order throughout the Empire and wages war against foreign powers. Soldiers may serve in garrison duty within the metropolis, patrol the trade routes between cities, or fight in the ongoing colonial conflicts.</p><p>Military service is a path to respectability for the lower classes and a duty expected of the upper. Veterans of foreign campaigns have seen things that would break lesser men—and some have been broken by them.</p>",
        "socialClassOptions": [
          "working",
          "middle"
        ],
        "attributeBonus": {
          "vitality": 1
        },
        "startingSkills": {
          "firearms": 3,
          "melee": 2,
          "athletics": 2,
          "survival": 1,
          "tactics": 1,
          "first aid": 1
        },
        "startingWealth": {
          "pounds": 8,
          "shillings": 0,
          "pence": 0
        },
        "startingEquipment": [
          "Military uniform",
          "Service rifle",
          "Bayonet",
          "Canteen",
          "Field kit",
          "Identification papers"
        ],
        "specialAbility": "Military Training",
        "specialAbilityDescription": "Soldiers gain +1 on initiative rolls in combat and are trained to operate as part of a unit. They receive +1 on rolls when supporting or being supported by allies in coordinated actions."
      }
    },
    {
      "_id": "umcalling015",
      "name": "Inventor",
      "type": "calling",
      "img": "icons/tools/laboratory/alembic-glass-bubbling-purple.webp",
      "system": {
        "description": "<p>The great advances of Neo-Victorian science are the work of inventors—brilliant minds who push the boundaries of what is possible. Some work in prestigious laboratories; others toil in cramped workshops, pursuing dangerous theories that respectable science has rejected.</p><p>Inventors may specialize in galvanic engineering, alchemical compounds, automata, or stranger pursuits. The line between genius and madness is thin, and many inventors have crossed it.</p>",
        "socialClassOptions": [
          "middle",
          "upperMiddle",
          "aristocracy"
        ],
        "attributeBonus": {
          "intellect": 1
        },
        "startingSkills": {
          "science": 3,
          "engineering": 3,
          "academics": 2,
          "craft": 2,
          "awareness": 1
        },
        "startingWealth": {
          "pounds": 25,
          "shillings": 0,
          "pence": 0
        },
        "startingEquipment": [
          "Workshop or laboratory access",
          "Tool kit",
          "Scientific instruments",
          "Technical journals",
          "One prototype device"
        ],
        "specialAbility": "Mad Science",
        "specialAbilityDescription": "Inventors can create devices and compounds beyond standard Neo-Victorian technology. They may attempt to build prototypes using their Science and Engineering skills. Failed experiments may have dangerous consequences."
      }
    },
    {
      "_id": "umcalling016",
      "name": "Clergy",
      "type": "calling",
      "img": "icons/environment/people/cleric-grey.webp",
      "system": {
        "description": "<p>The Church of England remains one of the pillars of Neo-Victorian society. In a world haunted by the dead, faith has taken on new significance. The clergy minister to the spiritual needs of their flock, perform last rites to prevent reanimation, and occasionally confront supernatural evil directly.</p><p>Some clergy are scholars who study the theological implications of the Plague. Others are activists who work to improve conditions for the poor. A few are exorcists who battle demons and spirits.</p>",
        "socialClassOptions": [
          "working",
          "middle",
          "upperMiddle"
        ],
        "attributeBonus": {
          "will": 1
        },
        "startingSkills": {
          "theology": 3,
          "empathy": 2,
          "academics": 2,
          "oration": 2,
          "occult": 1,
          "meditation": 1
        },
        "startingWealth": {
          "pounds": 12,
          "shillings": 0,
          "pence": 0
        },
        "startingEquipment": [
          "Clerical vestments",
          "Holy symbol",
          "Prayer book",
          "Holy water (3 vials)",
          "Parish records access"
        ],
        "specialAbility": "Faith",
        "specialAbilityDescription": "Clergy with true faith gain access to exorcism abilities if their Will exceeds their Corruption. They may attempt to repel undead, bless locations, and perform rites that provide genuine spiritual protection."
      }
    },
    {
      "_id": "umcalling017",
      "name": "Courtesan",
      "type": "calling",
      "img": "icons/sundries/misc/perfume-bottle-pink.webp",
      "system": {
        "description": "<p>In the rigid social world of Neo-Victorian society, courtesans occupy a unique position. They may be high-class companions to the wealthy, entertainers in exclusive establishments, or survivors selling what they must in the dangerous streets of the East End.</p><p>Courtesans learn to read people, gather information, and navigate treacherous social waters. Many know secrets that powerful people would kill to protect.</p>",
        "socialClassOptions": [
          "working",
          "middle"
        ],
        "attributeBonus": {
          "charm": 1
        },
        "startingSkills": {
          "seduction": 3,
          "empathy": 2,
          "streetwise": 2,
          "etiquette": 2,
          "acting": 2,
          "observation": 1
        },
        "startingWealth": {
          "pounds": 15,
          "shillings": 0,
          "pence": 0
        },
        "startingEquipment": [
          "Fine clothing",
          "Cosmetics kit",
          "Holdout weapon",
          "Client book (encoded)",
          "Perfume"
        ],
        "specialAbility": "Pillow Talk",
        "specialAbilityDescription": "Courtesans excel at extracting information. They gain +2 on rolls to gather secrets from intimate contacts and can make social skill rolls to learn one secret about a target per successful encounter."
      }
    },
    {
      "_id": "umcalling018",
      "name": "Journalist",
      "type": "calling",
      "img": "icons/sundries/documents/document-sealed-brown-red.webp",
      "system": {
        "description": "<p>The Fourth Estate wields considerable power in Neo-Victorian London. Journalists investigate corruption, expose scandals, and shape public opinion. The best are tireless seekers of truth; the worst are blackmailers and sensationalists who destroy lives for circulation.</p><p>The dangerous streets provide endless stories: animate outbreaks, vampire aristocrats, anarchist plots, and the daily struggles of the poor. A journalist with courage can change the world—or die trying.</p>",
        "socialClassOptions": [
          "working",
          "middle"
        ],
        "attributeBonus": {
          "wit": 1
        },
        "startingSkills": {
          "investigation": 3,
          "writing": 2,
          "streetwise": 2,
          "empathy": 2,
          "academics": 1,
          "photography": 1
        },
        "startingWealth": {
          "pounds": 10,
          "shillings": 0,
          "pence": 0
        },
        "startingEquipment": [
          "Press credentials",
          "Notebook and pen",
          "Camera",
          "Holdout weapon",
          "Newspaper contacts"
        ],
        "specialAbility": "The Power of the Press",
        "specialAbilityDescription": "Journalists can publish stories that affect public opinion and force official action. A well-researched exposé can damage reputations, trigger investigations, or rally public support—but may also make powerful enemies."
      }
    },
    {
      "_id": "umcalling019",
      "name": "Alchemist",
      "type": "calling",
      "img": "icons/tools/laboratory/vial-corked-pink.webp",
      "system": {
        "description": "<p>Alchemy has experienced a renaissance in the Neo-Victorian age. Alchemists brew compounds that heal wounds, extend life, enhance abilities, and kill in creative ways. Some work for respectable pharmaceutical companies; others operate from hidden laboratories, creating substances too dangerous or illegal for legitimate trade.</p><p>The best alchemists are wealthy and respected. The worst are poisoners, drug manufacturers, and creators of abominations.</p>",
        "socialClassOptions": [
          "working",
          "middle",
          "upperMiddle"
        ],
        "attributeBonus": {
          "intellect": 1
        },
        "startingSkills": {
          "alchemy": 3,
          "science": 2,
          "medicine": 2,
          "academics": 2,
          "appraisal": 1
        },
        "startingWealth": {
          "pounds": 20,
          "shillings": 0,
          "pence": 0
        },
        "startingEquipment": [
          "Alchemical laboratory access",
          "Portable alchemist kit",
          "Ingredient pouch",
          "Three basic compounds",
          "Formulae journal"
        ],
        "specialAbility": "Brew Compounds",
        "specialAbilityDescription": "Alchemists can create alchemical compounds including healing draughts, poisons, and specialty substances. Creation requires appropriate ingredients, equipment, and successful Alchemy rolls. Some compounds require rare or illegal ingredients."
      }
    },
    {
      "_id": "umcalling020",
      "name": "Servant",
      "type": "calling",
      "img": "icons/environment/people/commoner.webp",
      "system": {
        "description": "<p>Servants are the invisible backbone of Neo-Victorian society. They staff the great houses, tend to the wealthy, and witness secrets their employers never suspect they understand. A clever servant sees everything and is assumed to see nothing.</p><p>From scullery maids to head butlers, servants range from desperate laborers to trusted retainers who have served families for generations. Their access to wealthy households makes them valuable allies—or dangerous threats.</p>",
        "socialClassOptions": [
          "working"
        ],
        "attributeBonus": {
          "wit": 1
        },
        "startingSkills": {
          "etiquette": 2,
          "observation": 2,
          "domestic arts": 2,
          "stealth": 2,
          "empathy": 1,
          "acting": 1
        },
        "startingWealth": {
          "pounds": 3,
          "shillings": 0,
          "pence": 0
        },
        "startingEquipment": [
          "Servant's uniform",
          "Household keys",
          "Personal effects",
          "Letter of reference"
        ],
        "specialAbility": "Below Stairs",
        "specialAbilityDescription": "Servants are often overlooked and underestimated. They gain +2 on Stealth and Observation rolls within households, and can gather information from other servants through the 'below stairs' network of gossip and rumor."
      }
    }
  ]
}