{
  "metadata": {
    "id": "impediments",
    "label": "impediments",
    "type": "world",
    "package": "RNK",
    "path": "packs/impediments.db",
    "name": "impediments"
  },
  "entries": [
    {
      "_id": "umimpediment001",
      "name": "Addiction",
      "type": "quality",
      "img": "icons/consumables/drinks/bottle-cork-red.webp",
      "system": {
        "description": "<p>The character is addicted to a substance (alcohol, opium, laudanum, cocaine, etc.). They must regularly consume the substance or suffer withdrawal penalties. If they cannot satisfy their addiction, they suffer -2 to all rolls until they can.</p>",
        "category": "physical",
        "cpCost": -2,
        "impediment": true,
        "effects": {
          "withdrawalPenalty": -2,
          "substanceRequired": true
        }
      }
    },
    {
      "_id": "umimpediment002",
      "name": "Haemophilia",
      "type": "quality",
      "img": "icons/commodities/biological/blood-puddle-red.webp",
      "system": {
        "description": "<p>The character's blood does not clot properly. Any wound causes continued bleeding, dealing 1 additional damage per round until treated. Medical treatment takes twice as long and is at -2.</p>",
        "category": "physical",
        "cpCost": -4,
        "impediment": true,
        "effects": {
          "bleedingDamage": 1,
          "medicalPenalty": -2
        }
      }
    },
    {
      "_id": "umimpediment003",
      "name": "Plague Kissed",
      "type": "quality",
      "img": "icons/magic/death/skull-humanoid-green-poison.webp",
      "system": {
        "description": "<p>The character has been exposed to the Plague and carries dormant infection. They are at greater risk of reanimation upon death and may trigger fear in those who know their status.</p>",
        "category": "physical",
        "cpCost": -3,
        "impediment": true,
        "effects": {
          "reanimationRisk": true,
          "socialStigma": true
        }
      }
    },
    {
      "_id": "umimpediment004",
      "name": "Prosthetic - Ticker",
      "type": "quality",
      "img": "icons/commodities/tech/cog-brass.webp",
      "system": {
        "description": "<p>The character has a mechanical heart (Ticker). It must be wound daily or the character suffers increasing penalties. If not wound for 48 hours, the character dies. The ticking is audible to those nearby.</p>",
        "category": "physical",
        "cpCost": -3,
        "impediment": true,
        "effects": {
          "dailyMaintenance": true,
          "audibleTicking": true
        }
      }
    },
    {
      "_id": "umimpediment005",
      "name": "Poor",
      "type": "quality",
      "img": "icons/commodities/currency/coin-plain-copper.webp",
      "system": {
        "description": "<p>The character lives in poverty. Each level reduces their Wealth rating by 1 and limits their access to resources and equipment.</p>",
        "category": "social",
        "cpCost": "-1 per level",
        "impediment": true,
        "effects": {
          "wealthReduction": 1
        }
      }
    },
    {
      "_id": "umimpediment006",
      "name": "Immigrant",
      "type": "quality",
      "img": "icons/environment/settlement/city-port-fog.webp",
      "system": {
        "description": "<p>The character is a foreigner in Britain. They may face prejudice, have difficulty navigating local customs, and may be suspected of being a foreign agent.</p>",
        "category": "social",
        "cpCost": -2,
        "impediment": true,
        "effects": {
          "socialPenalty": -1,
          "suspicion": true
        }
      }
    },
    {
      "_id": "umimpediment007",
      "name": "Criminal Record",
      "type": "quality",
      "img": "icons/tools/hand/chains-steel-grey.webp",
      "system": {
        "description": "<p>The character has a criminal record. Police are more likely to suspect them, legitimate employment is difficult to obtain, and their past may resurface at inconvenient times.</p>",
        "category": "social",
        "cpCost": -2,
        "impediment": true,
        "effects": {
          "policeAttention": true,
          "employmentPenalty": true
        }
      }
    },
    {
      "_id": "umimpediment008",
      "name": "Wanted",
      "type": "quality",
      "img": "icons/sundries/documents/document-sealed-red.webp",
      "system": {
        "description": "<p>The character is wanted by the authorities for a serious crime. They must avoid detection, and if recognized, will be pursued by the law.</p>",
        "category": "social",
        "cpCost": -4,
        "impediment": true,
        "effects": {
          "fugitiveStatus": true,
          "recognition": true
        }
      }
    },
    {
      "_id": "umimpediment009",
      "name": "Secret",
      "type": "quality",
      "img": "icons/magic/control/silhouette-hold-change-blue.webp",
      "system": {
        "description": "<p>The character has a dangerous secret that, if revealed, would destroy their reputation, career, or freedom. They must take steps to keep it hidden.</p>",
        "category": "social",
        "cpCost": -2,
        "impediment": true,
        "effects": {
          "vulnerableToBlackmail": true,
          "hiddenPast": true
        }
      }
    },
    {
      "_id": "umimpediment010",
      "name": "Thick Accent",
      "type": "quality",
      "img": "icons/skills/social/diplomacy-handshake-yellow.webp",
      "system": {
        "description": "<p>The character speaks with a heavy regional or foreign accent that marks them as an outsider. They suffer -1 to social rolls with those who look down on their background.</p>",
        "category": "social",
        "cpCost": -1,
        "impediment": true,
        "effects": {
          "socialPenalty": -1
        }
      }
    },
    {
      "_id": "umimpediment011",
      "name": "Illiterate",
      "type": "quality",
      "img": "icons/skills/trades/academics-book-study-purple.webp",
      "system": {
        "description": "<p>The character cannot read or write. They cannot decipher written documents, use libraries for research, or communicate via letter.</p>",
        "category": "mental",
        "cpCost": -2,
        "impediment": true,
        "effects": {
          "cannotRead": true,
          "cannotWrite": true
        }
      }
    },
    {
      "_id": "umimpediment012",
      "name": "Night Terrors",
      "type": "quality",
      "img": "icons/magic/perception/silhouette-stealth-shadow.webp",
      "system": {
        "description": "<p>The character suffers from terrible nightmares. They have difficulty sleeping and may wake screaming, alerting others to their presence. They suffer -1 to rolls the day after a particularly bad night.</p>",
        "category": "mental",
        "cpCost": -2,
        "impediment": true,
        "effects": {
          "sleepPenalty": true,
          "fatigueRisk": -1
        }
      }
    },
    {
      "_id": "umimpediment013",
      "name": "Uncontrollable Temper",
      "type": "quality",
      "img": "icons/skills/social/intimidation-imppress.webp",
      "system": {
        "description": "<p>The character has difficulty controlling their anger. When provoked or frustrated, they must make a Will roll (DR 14) or lash out violently or verbally.</p>",
        "category": "mental",
        "cpCost": -3,
        "impediment": true,
        "effects": {
          "willCheck": 14,
          "trigger": "provocation"
        }
      }
    },
    {
      "_id": "umimpediment014",
      "name": "Obsessive Compulsive Disorder",
      "type": "quality",
      "img": "icons/tools/scribal/magnifying-glass.webp",
      "system": {
        "description": "<p>The character suffers from OCD. They have compulsions they must perform or suffer increasing anxiety. Minor version: -1 to rolls if unable to perform rituals. Major: -2 to rolls and may be unable to act.</p>",
        "category": "mental",
        "cpCost": "-2 (minor) / -4 (major)",
        "impediment": true,
        "effects": {
          "compulsions": true,
          "anxietyPenalty": "variable"
        }
      }
    },
    {
      "_id": "umimpediment015",
      "name": "Superstition",
      "type": "quality",
      "img": "icons/magic/symbols/rune-sigil-black.webp",
      "system": {
        "description": "<p>The character believes in a specific superstition that affects their behavior. They may refuse to act on certain days, avoid specific actions, or perform rituals to ward off bad luck.</p>",
        "category": "mental",
        "cpCost": -1,
        "impediment": true,
        "effects": {
          "behaviorRestriction": true
        }
      }
    },
    {
      "_id": "umimpediment016",
      "name": "Fastidious",
      "type": "quality",
      "img": "icons/sundries/survival/soap-bar-white.webp",
      "system": {
        "description": "<p>The character is extremely particular about cleanliness and order. They suffer -1 to all rolls when in dirty or chaotic environments and may refuse to touch unsanitary objects.</p>",
        "category": "mental",
        "cpCost": -1,
        "impediment": true,
        "effects": {
          "environmentPenalty": -1,
          "dirtyEnvironments": true
        }
      }
    },
    {
      "_id": "umimpediment017",
      "name": "Dark Inheritance",
      "type": "quality",
      "img": "icons/magic/death/skull-humanoid-white-blue.webp",
      "system": {
        "description": "<p>The character comes from a cursed bloodline. Strange and terrible events plague their family, and they may be doomed to suffer the same fate as their ancestors.</p>",
        "category": "supernatural",
        "cpCost": -3,
        "impediment": true,
        "effects": {
          "cursedBloodline": true,
          "fatefulness": true
        }
      }
    },
    {
      "_id": "umimpediment018",
      "name": "Malignity",
      "type": "quality",
      "img": "icons/magic/death/hand-undead-gray.webp",
      "system": {
        "description": "<p>Bad luck follows the character. Misfortune seems to find them at the worst possible times. Once per session, the GM may force a reroll of a successful roll.</p>",
        "category": "supernatural",
        "cpCost": -2,
        "impediment": true,
        "effects": {
          "unlucky": true,
          "rerollSuccesses": "1 per session"
        }
      }
    },
    {
      "_id": "umimpediment019",
      "name": "Escaped Mental Patient",
      "type": "quality",
      "img": "icons/environment/settlement/fence-wooden-gate.webp",
      "system": {
        "description": "<p>The character has escaped from a mental institution. Authorities are searching for them, and if captured, they will be returned to the asylum. They may be a psychic known to Psi Branch.</p>",
        "category": "social",
        "cpCost": -2,
        "impediment": true,
        "effects": {
          "fugitiveStatus": true,
          "institutionReturn": true
        }
      }
    },
    {
      "_id": "umimpediment020",
      "name": "Monthly Evaluation",
      "type": "quality",
      "img": "icons/sundries/documents/document-sealed-brown.webp",
      "system": {
        "description": "<p>Due to past incidents or psychological concerns, the character must report for monthly psychological evaluations. Missing an appointment or acting erratically may result in loss of license or institutionalization.</p>",
        "category": "social",
        "cpCost": -3,
        "impediment": true,
        "effects": {
          "monthlyCheckIn": true,
          "licenseRisk": true
        }
      }
    },
    {
      "_id": "umimpediment021",
      "name": "Quick Temper",
      "type": "quality",
      "img": "icons/magic/fire/flame-burning-hand-red.webp",
      "system": {
        "description": "<p>The character is easily angered and quick to take offense. They suffer -1 to Charm rolls when trying to remain calm or diplomatic in frustrating situations.</p>",
        "category": "mental",
        "cpCost": -2,
        "impediment": true,
        "effects": {
          "charmPenalty": -1,
          "context": "staying calm"
        }
      }
    },
    {
      "_id": "umimpediment022",
      "name": "Unlicensed Psychic",
      "type": "quality",
      "img": "icons/magic/perception/eye-ringed-glow-red.webp",
      "system": {
        "description": "<p>The character is a psychic without a license. They cannot legally profit from their powers and risk severe penalties if discovered using their abilities. Their powers may be unknown to authorities.</p>",
        "category": "supernatural",
        "cpCost": -3,
        "impediment": true,
        "effects": {
          "illegalPowers": true,
          "discoveryRisk": true
        }
      }
    },
    {
      "_id": "umimpediment023",
      "name": "Altered States",
      "type": "quality",
      "img": "icons/consumables/potions/bottle-round-corked-purple.webp",
      "system": {
        "description": "<p>The character can only use their psychic abilities while under the influence of mind-altering substances. They must be intoxicated (on alcohol, opium, etc.) to manifest their powers.</p>",
        "category": "supernatural",
        "cpCost": -4,
        "impediment": true,
        "effects": {
          "substanceRequired": true,
          "powersRestriction": "intoxication"
        }
      }
    },
    {
      "_id": "umimpediment024",
      "name": "Delirium Tremens",
      "type": "quality",
      "img": "icons/magic/control/fear-fright-monster-grin-red.webp",
      "system": {
        "description": "<p>The psychic suffers hallucinations and tremors when using their powers. After using Empathy or Telepathy abilities, they must make a Will roll (DR 12) or suffer disorienting visions for 1d6 minutes.</p>",
        "category": "supernatural",
        "cpCost": -4,
        "impediment": true,
        "effects": {
          "willCheck": 12,
          "hallucinations": true
        }
      }
    },
    {
      "_id": "umimpediment025",
      "name": "Ghost Lover",
      "type": "quality",
      "img": "icons/magic/death/skeleton-ghost-standing-blue.webp",
      "system": {
        "description": "<p>The character is obsessed with a past lover who has died but lingers at the threshold. They can feel the ghost's presence but cannot communicate with it. No living person will ever be good enough. The ghost has Will 4.</p>",
        "category": "supernatural",
        "cpCost": -2,
        "impediment": true,
        "effects": {
          "ghostHaunt": true,
          "romanticallyObsessed": true
        }
      }
    },
    {
      "_id": "umimpediment026",
      "name": "Haunted",
      "type": "quality",
      "img": "icons/magic/death/undead-ghost-strike-teal.webp",
      "system": {
        "description": "<p>The character is haunted by a malicious ghost. The spirit's manifestations occur in the character's presence—annoying at best, dangerous at worst. The ghost knows the character intimately.</p>",
        "category": "supernatural",
        "cpCost": "-1 to -7 (based on ghost's Will)",
        "impediment": true,
        "effects": {
          "hauntingGhost": true,
          "spectralManifestations": true
        }
      }
    },
    {
      "_id": "umimpediment027",
      "name": "Hands On",
      "type": "quality",
      "img": "icons/magic/control/buff-luck-charm-purple.webp",
      "system": {
        "description": "<p>The psychic can only use Empathy and Telepathy powers on subjects they touch with bare flesh. This limits range but may provide bonuses when contact is made.</p>",
        "category": "supernatural",
        "cpCost": -4,
        "impediment": true,
        "requirements": "Empathy or Telepathy",
        "effects": {
          "touchRequired": true,
          "rangeRestriction": "touch"
        }
      }
    },
    {
      "_id": "umimpediment028",
      "name": "Spirit Beacon",
      "type": "quality",
      "img": "icons/magic/light/orb-lightbulb-gray.webp",
      "system": {
        "description": "<p>For some reason, spirits are naturally drawn to the character and are stronger in their presence. Spirits gain +2 on Will rolls while near the character. The character is plagued by spectral manifestations.</p>",
        "category": "supernatural",
        "cpCost": -4,
        "impediment": true,
        "effects": {
          "spiritAttraction": true,
          "spiritBonus": 2
        }
      }
    },
    {
      "_id": "umimpediment029",
      "name": "Combustible Dreams",
      "type": "quality",
      "img": "icons/magic/fire/explosion-embers-orange.webp",
      "system": {
        "description": "<p>The pyrokinetic's sleep is disturbed by nightmares. In deep sleep, they lash out with fire. Each night sleeping unobserved, they must make a Wit roll (DR 14) or set their surroundings ablaze.</p>",
        "category": "supernatural",
        "cpCost": -5,
        "impediment": true,
        "requirements": "Pyrokinesis 1+",
        "effects": {
          "sleepingFire": true,
          "witCheck": 14
        }
      }
    },
    {
      "_id": "umimpediment030",
      "name": "Haywire",
      "type": "quality",
      "img": "icons/magic/lightning/bolt-strike-purple.webp",
      "system": {
        "description": "<p>Galvanic devices within ten feet of the character constantly malfunction and may burst into flames. The character's presence jams radio reception and causes street lights to burn out.</p>",
        "category": "supernatural",
        "cpCost": -2,
        "impediment": true,
        "requirements": "Electrokinesis 1+",
        "effects": {
          "electronicDisruption": true,
          "range": 10
        }
      }
    },
    {
      "_id": "umimpediment031",
      "name": "Monthly Evaluation",
      "type": "quality",
      "img": "icons/sundries/documents/document-sealed-brown-red.webp",
      "system": {
        "description": "<p>Due to some past indiscretion or peculiarity, the psychic must report for monthly psychological evaluations. Erratic behavior or missed appointments result in license suspension.</p>",
        "category": "supernatural",
        "cpCost": -3,
        "impediment": true,
        "requirements": "Licensed Psychic",
        "effects": {
          "mandatoryEvaluations": true,
          "charmPenalty": -1
        }
      }
    },
    {
      "_id": "umimpediment032",
      "name": "Escaped Mental Patient",
      "type": "quality",
      "img": "icons/environment/people/shaking-head-silhouette.webp",
      "system": {
        "description": "<p>The character is an escaped mental patient on the run. If captured, they will be returned to the institution from which they escaped. If a psychic, authorities know their capabilities.</p>",
        "category": "social",
        "cpCost": -2,
        "impediment": true,
        "effects": {
          "wanted": true,
          "fugitive": true
        }
      }
    },
    {
      "_id": "umimpediment033",
      "name": "Quick Temper",
      "type": "quality",
      "img": "icons/skills/social/intimidation-imppress.webp",
      "system": {
        "description": "<p>The character becomes highly aggressive at any perceived slight. If insulted or ignored, they must make a Will roll (DR 14) to avoid reacting with insults, threats, or blows.</p>",
        "category": "mental",
        "cpCost": -2,
        "impediment": true,
        "effects": {
          "willCheck": 14,
          "trigger": "perceived slight"
        }
      }
    },
    {
      "_id": "umimpediment034",
      "name": "Inconsolable",
      "type": "quality",
      "img": "icons/magic/death/grave-tombstone-skull-gray.webp",
      "system": {
        "description": "<p>The character is incredibly sensitive to deaths occurring in their presence. When a living or half-lifer dies within 10 feet × Will, the character gains 1 Instability Point.</p>",
        "category": "supernatural",
        "cpCost": -4,
        "impediment": true,
        "requirements": "Empathy, Extrasensory Perception, Prescience, or Telepathy",
        "effects": {
          "deathSensitivity": true,
          "instabilityTrigger": "nearby death"
        }
      }
    },
    {
      "_id": "umimpediment035",
      "name": "Catalyst of Despair",
      "type": "quality",
      "img": "icons/magic/death/skull-energy-light-purple.webp",
      "system": {
        "description": "<p>Wherever the character goes, despair, chaos, and madness follow. Anyone making a Mental Disorder control check in their presence cannot add Concentration to the roll. Psychics gain 1 Instability Point.</p>",
        "category": "supernatural",
        "cpCost": -4,
        "impediment": true,
        "requirements": "At least one chronic Mental Disorder",
        "effects": {
          "auraOfDespair": true,
          "mentalPenalty": true
        }
      }
    },
    {
      "_id": "umimpediment036",
      "name": "Heat Wave",
      "type": "quality",
      "img": "icons/magic/fire/flame-burning-hand-orange.webp",
      "system": {
        "description": "<p>When the psychic uses a Pyrokinesis power, the air around them becomes dry and superheated. Anything flammable within 3 feet × Will catches fire. Their clothes may spontaneously but harmlessly burn off. They can make a control check to suppress this effect.</p>",
        "category": "supernatural",
        "cpCost": -5,
        "impediment": true,
        "requirements": "Pyrokinesis 1+",
        "effects": {
          "areaEffect": true,
          "flammableIgnition": true,
          "range": "3 feet × Will"
        }
      }
    },
    {
      "_id": "umimpediment037",
      "name": "Hellbent",
      "type": "quality",
      "img": "icons/magic/perception/eye-ringed-glow-angry-red.webp",
      "system": {
        "description": "<p>The psychic's Prescience visions are never pleasant. Regardless of the information conveyed, the visions are accompanied by apocalyptic scenes of death and mass destruction. Even portents of joy are tainted by death and ruin.</p>",
        "category": "supernatural",
        "cpCost": -1,
        "impediment": true,
        "requirements": "Prescience 1+",
        "effects": {
          "visionsTainted": true,
          "apocalypticThemes": true
        }
      }
    },
    {
      "_id": "umimpediment038",
      "name": "Mental Strain",
      "type": "quality",
      "img": "icons/magic/control/silhouette-hold-change-blue.webp",
      "system": {
        "description": "<p>The character's psychical powers put an incredible strain on their mind and body. Whenever using a thought- or focus-triggered power, they grow pale and weak. If they fail a control check, they immediately pass out for 10 + 2d10 minutes.</p>",
        "category": "supernatural",
        "cpCost": -5,
        "impediment": true,
        "requirements": "Any psychic Devotion",
        "effects": {
          "unconsciousnessRisk": true,
          "controlCheck": true
        }
      }
    },
    {
      "_id": "umimpediment039",
      "name": "Phantom Signal",
      "type": "quality",
      "img": "icons/magic/lightning/bolt-strike-blue.webp",
      "system": {
        "description": "<p>The psychic constantly broadcasts their thoughts as radio waves. The signal is broadcast on multiple channels within 1 mile × Will. Even the dialogue of their dreams is broadcast for anyone with a receiver to hear.</p>",
        "category": "supernatural",
        "cpCost": -4,
        "impediment": true,
        "requirements": "Electrokinesis 1+",
        "effects": {
          "thoughtBroadcast": true,
          "range": "1 mile × Will"
        }
      }
    },
    {
      "_id": "umimpediment040",
      "name": "Psychospasm",
      "type": "quality",
      "img": "icons/magic/control/energy-stream-link-blue.webp",
      "system": {
        "description": "<p>The psychic lacks control over their telekinetic powers. When using Telekinesis, unintentional side effects accompany the power—objects fly off shelves, glass shatters, furniture moves. Such phenomena may also occur when injured or angered.</p>",
        "category": "supernatural",
        "cpCost": -2,
        "impediment": true,
        "requirements": "Telekinesis 1+",
        "effects": {
          "uncontrolledManifestations": true,
          "triggerOnEmotion": true
        }
      }
    },
    {
      "_id": "umimpediment041",
      "name": "Psychotrope",
      "type": "quality",
      "img": "icons/magic/control/fear-fright-shadow-blue.webp",
      "system": {
        "description": "<p>The character's lunacy is viral. When they reach out to another mind, the Subject becomes infected with their Mental Disorders. Subjects must make a Will roll (DR 11 + psychic's Will) or suffer one of the character's disorders for 2d10 hours.</p>",
        "category": "supernatural",
        "cpCost": -2,
        "impediment": true,
        "requirements": "Empathy or Telepathy 1+",
        "effects": {
          "mentalContagion": true,
          "willCheck": "DR 11 + psychic's Will"
        }
      }
    },
    {
      "_id": "umimpediment042",
      "name": "Sandman",
      "type": "quality",
      "img": "icons/magic/life/heart-shadow-red.webp",
      "system": {
        "description": "<p>Characters with this Impediment leave traces in their targets' unconscious minds. After being affected by Empathy or Telepathy powers, a Subject will invariably dream about the psychic. The dream may reveal secrets about the psychic.</p>",
        "category": "supernatural",
        "cpCost": -2,
        "impediment": true,
        "requirements": "Empathy or Telepathy 1+",
        "effects": {
          "dreamTraces": true,
          "secretRevelation": true
        }
      }
    },
    {
      "_id": "umimpediment043",
      "name": "Visible Manifestation",
      "type": "quality",
      "img": "icons/magic/air/fog-gas-smoke-dense-white.webp",
      "system": {
        "description": "<p>The telekinetic's manipulations are visible to the naked eye. When using powers, ectoplasmic mist visibly trails from the psychic to manipulated objects. Anyone touching these tendrils experiences an unnatural chill.</p>",
        "category": "supernatural",
        "cpCost": -2,
        "impediment": true,
        "requirements": "Telekinesis 1+",
        "effects": {
          "visibleEctoplasm": true,
          "chillEffect": true
        }
      }
    },
    {
      "_id": "umimpediment044",
      "name": "Waking Dream",
      "type": "quality",
      "img": "icons/magic/perception/third-eye-blue-red.webp",
      "system": {
        "description": "<p>The character's psychical powers have unhinged something fundamental in their mind. Anytime they use a psychical power, they must make a Will roll (DR 14). Failure causes powerful hallucinations for one hour with -2 penalty on all rolls.</p>",
        "category": "supernatural",
        "cpCost": -5,
        "impediment": true,
        "requirements": "Any psychic Devotion",
        "effects": {
          "hallucinationRisk": true,
          "willCheck": 14,
          "penalty": -2
        }
      }
    },
    {
      "_id": "umimpediment045",
      "name": "Weird",
      "type": "quality",
      "img": "icons/magic/perception/eye-ringed-glow-yellow.webp",
      "system": {
        "description": "<p>When the psychic uses Extrasensory Perception to gaze upon individuals they could not otherwise see (Astral Projection, Clairvoyance, Teleperception), those being watched can feel the psychic's presence observing them.</p>",
        "category": "supernatural",
        "cpCost": -3,
        "impediment": true,
        "requirements": "Extrasensory Perception 1+",
        "effects": {
          "observationDetectable": true
        }
      }
    },
    {
      "_id": "umimpediment046",
      "name": "Ashen Breath",
      "type": "quality",
      "img": "icons/magic/fire/flame-burning-skeleton.webp",
      "system": {
        "description": "<p>Thin wisps of vaguely unpleasant smelling smoke escape the psychic's mouth and nose as they breathe and speak. Though harmless, it may be disconcerting. The effect is rarely noticeable with a respirator. Suffers -1 on Charm – Guile and Seduction rolls.</p>",
        "category": "physical",
        "cpCost": -2,
        "impediment": true,
        "requirements": "Pyrokinesis 1+",
        "effects": {
          "visibleSmoke": true,
          "charmPenalty": -1
        }
      }
    },
    {
      "_id": "umimpediment047",
      "name": "Draw Lightning",
      "type": "quality",
      "img": "icons/magic/lightning/bolt-strike-cloud-purple.webp",
      "system": {
        "description": "<p>The psychic is a living lightning rod. There is a chance of being struck by lightning outdoors, and during storms it is nearly certain. The psychic is unharmed but nearby people suffer +5 electrical shock damage. Critical failures outdoors trigger strikes.</p>",
        "category": "physical",
        "cpCost": -4,
        "impediment": true,
        "requirements": "Electrokinesis 1+",
        "effects": {
          "lightningMagnet": true,
          "nearbyDamage": 5
        }
      }
    },
    {
      "_id": "umimpediment048",
      "name": "Eidolon",
      "type": "quality",
      "img": "icons/magic/death/skull-humanoid-white-blue.webp",
      "system": {
        "description": "<p>The psychic is little more than a ghost encased in flesh. Having spent so much time in trance states, they are uncomfortable in their own body—morose and lethargic. They often forget to eat, bathe, or work. Vitality cannot exceed 4.</p>",
        "category": "physical",
        "cpCost": -2,
        "impediment": true,
        "requirements": "Extrasensory Perception or Prescience 1+",
        "effects": {
          "maxVitality": 4,
          "bodySeparation": true
        }
      }
    },
    {
      "_id": "umimpediment049",
      "name": "Entropic Presence",
      "type": "quality",
      "img": "icons/magic/death/grave-tombstone-skull-gray.webp",
      "system": {
        "description": "<p>Though the character seldom feels warm or cold, they have a chilling effect on temperature around them. Anyone spending time near them feels weak and susceptible to illness. Living characters nearby suffer -1 on Vitality rolls; Medicine rolls in their presence suffer -1.</p>",
        "category": "physical",
        "cpCost": -2,
        "impediment": true,
        "requirements": "Electrokinesis 1+ or Half-Lifer",
        "effects": {
          "vitalityPenalty": -1,
          "medicinePenalty": -1
        }
      }
    },
    {
      "_id": "umimpediment050",
      "name": "Internal Light",
      "type": "quality",
      "img": "icons/magic/lightning/bolt-forked-large-yellow.webp",
      "system": {
        "description": "<p>The psychic's eyes, mouth, and nostrils glow with faint electrical light, and electricity periodically flickers over their skin. Wounds glow brighter and may spark. Medicine rolls to treat them suffer -2. Attackers never suffer Poor Visibility modifiers for darkness.</p>",
        "category": "physical",
        "cpCost": -2,
        "impediment": true,
        "requirements": "Electrokinesis 1+",
        "effects": {
          "glowingFeatures": true,
          "medicinePenalty": -2,
          "noConcealment": true
        }
      }
    },
    {
      "_id": "umimpediment051",
      "name": "Void Marked",
      "type": "quality",
      "img": "icons/magic/death/skull-energy-light-white.webp",
      "system": {
        "description": "<p>The psychic's appearance begins to change as a result of their powers. Their flesh grows pale and appears lifeless. They either lose all hair or it turns stark white and stands on end. Their face is generally relaxed and placid. Suffers -1 on Charm rolls.</p>",
        "category": "physical",
        "cpCost": -2,
        "impediment": true,
        "requirements": "Electrokinesis 1+",
        "effects": {
          "alteredAppearance": true,
          "charmPenalty": -1
        }
      }
    },
    {
      "_id": "umimpediment052",
      "name": "Waking Fits",
      "type": "quality",
      "img": "icons/magic/control/buff-flight-wings-runes-blue.webp",
      "system": {
        "description": "<p>The act of returning to physical consciousness takes a grave toll on the character's body. Whenever they wake from sleep or trance, they go into fits lasting 2d10 minutes. Unless restrained, they suffer 2d10 minus Vitality damage from injuries.</p>",
        "category": "physical",
        "cpCost": -3,
        "impediment": true,
        "effects": {
          "wakingSeizures": true,
          "selfDamage": "2d10 - Vitality"
        }
      }
    },
    {
      "_id": "umimpediment053",
      "name": "Delamayn",
      "type": "quality",
      "img": "icons/skills/social/intimidation-impressing.webp",
      "system": {
        "description": "<p>The character's extraordinary insight into the human mind has rendered ordinary interaction boring and irritating. They suffer -2 on Charm rolls unless actively using Empathy/Telepathy. When ceasing such powers, subjects must make Will roll (DR 14) or feel violated.</p>",
        "category": "mental",
        "cpCost": -2,
        "impediment": true,
        "requirements": "Empathy or Telepathy 1+",
        "effects": {
          "charmPenalty": -2,
          "revulsionEffect": true
        }
      }
    },
    {
      "_id": "umimpediment054",
      "name": "Reversion",
      "type": "quality",
      "img": "icons/environment/people/cleric-grey.webp",
      "system": {
        "description": "<p>The character is socially underdeveloped. In times of stress, they must make a Will roll (DR 14) or revert to a childlike state for 6d10 minutes. They take on an affected voice and are prone to tantrums. Telekinetics are particularly prone to this.</p>",
        "category": "mental",
        "cpCost": -3,
        "impediment": true,
        "effects": {
          "childlikeReversion": true,
          "duration": "6d10 minutes"
        }
      }
    },
    {
      "_id": "umimpediment055",
      "name": "Sexual Dysfunction",
      "type": "quality",
      "img": "icons/magic/death/hand-undead-gray.webp",
      "system": {
        "description": "<p>The character suffers a sexual dysfunction disorder and is unwilling to take part in sexual contact. In romantic/sexual situations, they must make a Will roll (DR 14) not to retreat in disgust or fear. Observing courting behaviors requires Will (DR 11). Empaths are particularly prone.</p>",
        "category": "mental",
        "cpCost": -2,
        "impediment": true,
        "effects": {
          "intimacyAversion": true,
          "willCheck": 14
        }
      }
    },
    {
      "_id": "umimpediment056",
      "name": "Timeless",
      "type": "quality",
      "img": "icons/magic/time/clock-stopwatch-white-blue.webp",
      "system": {
        "description": "<p>Time has lost all meaning to the psychic. They simultaneously live out past, future, and present—repeating days, casting others in roles of the dead, experiencing future flashes. Suffers -2 on Charm – Credibility and Intellect – General Knowledge (recent history) rolls.</p>",
        "category": "mental",
        "cpCost": -4,
        "impediment": true,
        "requirements": "Prescience 1+",
        "effects": {
          "temporalConfusion": true,
          "charmPenalty": -2,
          "intellectPenalty": -2
        }
      }
    },
    {
      "_id": "umimpediment057",
      "name": "Blinded Sight",
      "type": "quality",
      "img": "icons/magic/perception/eye-ringed-glow-angry-small-red.webp",
      "system": {
        "description": "<p>The psychic can only perceive through their Extrasensory Perception. Their physical senses have degraded to the point of near uselessness. Without actively using their powers, they are effectively blind and deaf. They suffer -4 on Wit rolls when not using ESP.</p>",
        "category": "supernatural",
        "cpCost": -5,
        "impediment": true,
        "requirements": "Extrasensory Perception 1+",
        "effects": {
          "sensesDegraded": true,
          "witPenalty": -4
        }
      }
    },
    {
      "_id": "umimpediment058",
      "name": "Blood Work",
      "type": "quality",
      "img": "icons/commodities/biological/blood-puddle-red.webp",
      "system": {
        "description": "<p>The psychic's visions require blood. They cannot use Prescience powers unless they have tasted fresh blood (human or animal) within the last hour. The blood must be consumed—a few drops suffice but the act may disturb witnesses.</p>",
        "category": "supernatural",
        "cpCost": -4,
        "impediment": true,
        "requirements": "Prescience 1+",
        "effects": {
          "bloodRequired": true,
          "consumptionRequired": true
        }
      }
    },
    {
      "_id": "umimpediment059",
      "name": "Dream Bound",
      "type": "quality",
      "img": "icons/magic/perception/silhouette-stealth-shadow.webp",
      "system": {
        "description": "<p>The psychic can only use their Prescience abilities while asleep or in a dream state. Their waking visions are unfocused and unreliable. To receive clear visions, they must sleep and dream—making timely predictions difficult.</p>",
        "category": "supernatural",
        "cpCost": -3,
        "impediment": true,
        "requirements": "Prescience 1+",
        "effects": {
          "sleepRequired": true,
          "wakingVisionsPenalty": true
        }
      }
    },
    {
      "_id": "umimpediment060",
      "name": "Burns",
      "type": "quality",
      "img": "icons/magic/fire/flame-burning-hand-red.webp",
      "system": {
        "description": "<p>The psychic's powers leave visible marks on their body. Each use of Electrokinesis or Pyrokinesis causes burn marks to appear on their skin—branching lightning patterns or flame scars. These marks accumulate and are difficult to conceal.</p>",
        "category": "physical",
        "cpCost": -5,
        "impediment": true,
        "requirements": "Electrokinesis or Pyrokinesis 1+",
        "effects": {
          "visibleScars": true,
          "cumulativeMarks": true
        }
      }
    }
  ]
}