{
  "metadata": {
    "id": "journals",
    "label": "journals",
    "type": "world",
    "package": "RNK",
    "path": "packs/journals.db",
    "name": "journals"
  },
  "entries": [
    {
      "name": "The Plague Years (2000-2060)",
      "type": "text",
      "img": "icons/magic/death/skull-energy-light-purple.webp",
      "content": "<h1>The Plague Years</h1><p>In the year 2000, on a lonely hillock outside of Keighley in what was once Yorkshire, England, a nameless corpse clawed its way free of a shallow grave, and the world began to die.</p><p>The Plague of Reanimation had begun. The dead rose from their graves with an insatiable hunger for living flesh. Within days, the contagion had spread across the globe. Cities fell. Nations collapsed. The living fled before the advancing tide of the dead.</p><h2>The First Decade</h2><p>The initial outbreak caught humanity completely unprepared. Medical science could not explain how dead tissue could animate and move. The military proved unable to stem the tide—for every animate destroyed, ten more rose to take its place.</p><p>By 2010, more than half of humanity had perished. The survivors fled to defensible positions: islands, mountain fortresses, and the great walled cities that would become the last bastions of civilization.</p><h2>The Walls Rise</h2><p>The great cities of Europe began construction of massive walls to hold back the animate hordes. London erected the first of its legendary walls in 2015, encircling the city center. Similar fortifications rose around Paris, Berlin, Vienna, and other major metropolitan centers.</p><p>Those caught outside the walls were left to their fate. The Wastelands between the cities became a no-man's land, haunted by animates and the desperate survivors who could not reach safety.</p>"
    },
    {
      "name": "The Reclamation (2060-Present)",
      "type": "text",
      "img": "icons/environment/settlement/city-walls-gate.webp",
      "content": "<h1>The Reclamation</h1><p>The year 2060 marked a turning point in humanity's struggle against the Plague. The great cities had stabilized their defenses, and for the first time, humanity began to push back against the animate tide.</p><h2>Neo-Victorian Society</h2><p>The survivors who rebuilt civilization modeled their new society on the rigid social structures of the Victorian era. Class distinctions became absolute. The aristocracy ruled from their gas-lit mansions while the poor labored in smog-choked factories.</p><p>This return to Victorian values was not merely aesthetic—it was a deliberate rejection of the technological hubris that many blamed for the Plague. Science continued to advance, but always under strict regulation and often in secret.</p><h2>The Present Day (2105)</h2><p>One hundred and five years after the first animate rose, humanity endures. The great walled cities stand as monuments to human resilience. The Wastelands remain dangerous, but trade routes have been established between the surviving metropolises.</p><p>London has emerged as the center of Neo-Victorian civilization, its population swelled by refugees from across the former British Empire. The city is a study in contrasts: gleaming towers rise above smog-choked streets; aristocrats in gas masks mingle with the desperate poor; and death walks among the living in a dozen different forms.</p>"
    },
    {
      "name": "The City of London",
      "type": "text",
      "img": "icons/environment/settlement/city-cloudy.webp",
      "content": "<h1>The City of London</h1><p>London in 2105 is a city of seven million souls, protected by three concentric walls that define the rigid class structure of Neo-Victorian society.</p><h2>The Three Walls</h2><p><strong>The First Wall</strong> encircles the City of London proper—the financial district and the seats of power. Only the aristocracy and their servants may reside within the First Wall. This is the London of gas-lit mansions, exclusive clubs, and political intrigue.</p><p><strong>The Second Wall</strong> encompasses the West End, Westminster, and the prosperous middle-class neighborhoods. Here live the professionals: doctors, lawyers, industrialists, and merchants who service the aristocracy while aspiring to join their ranks.</p><p><strong>The Third Wall</strong> protects the rest—the factories, the rookeries, and the teeming masses of the poor. The East End is a maze of narrow streets and towering tenements where life is cheap and death is common.</p><h2>The Underground</h2><p>Beneath the streets lies another London: a labyrinth of tunnels, abandoned tube stations, and forgotten catacombs. The Underground is home to those who cannot—or will not—live in the light: ghouls, criminals, and worse things still.</p><h2>The Smog</h2><p>Industrial pollution hangs over the city in a perpetual yellow-grey haze. Respirators and gas masks are essential for survival. The smog is thickest in the poor districts, where factory chimneys belch smoke day and night.</p>"
    },
    {
      "name": "The Mourners Guild",
      "type": "text",
      "img": "icons/skills/melee/strike-polearm-light-white.webp",
      "content": "<h1>The Mourners Guild</h1><p>The Mourners Guild—formally known as the Quiet Service—is a religious order dedicated to ensuring the peaceful passing of the dead. In a world where corpses can rise to devour the living, the Mourners provide an essential service: they stand vigil over the dying and destroy any who reanimate.</p><h2>The Three Days' Vigil</h2><p>When a person of means dies, their family engages a Mourner to perform the Three Days' Vigil. The Mourner sits with the corpse for seventy-two hours—the window during which spontaneous reanimation is most likely to occur. If the corpse rises, the Mourner destroys it before it can harm anyone.</p><h2>The Exculpus</h2><p>Mourners are trained in the use of the Exculpus, a specialized blade designed for decapitation. The curved, weighted blade is capable of severing a head with a single stroke. Mourners train for years to achieve the precision required for this gruesome task.</p><h2>Guild Training</h2><p>Mourner training begins in childhood. Initiates are taught the rites of death, the art of combat, and the mental disciplines required to face the risen dead without fear. By the time they complete their training, Mourners are among the deadliest warriors in the Neo-Victorian world.</p><h2>Chastity and Devotion</h2><p>Mourners take vows of chastity and devotion to the Quiet Service. They renounce family, wealth, and personal ambition in exchange for a life of duty. In return, they receive the respect of Neo-Victorian society and the certainty that their work has meaning in a world gone mad.</p>"
    },
    {
      "name": "Vampires and Dhampirs",
      "type": "text",
      "img": "icons/creatures/unholy/demon-horned-winged-fire.webp",
      "content": "<h1>Vampirism</h1><p>Vampirism is a disease—a twisted form of the Plague that transforms its victims into predatory immortals. Unlike animates, vampires retain their intelligence and personality, though these are warped by an insatiable hunger for blood.</p><h2>Infection</h2><p>Vampirism is transmitted through the bite of an infected vampire. Most victims die and rise as feral vampires—mindless predators little better than animates. A rare few survive the transformation with their minds intact, becoming true vampires.</p><h2>True Vampires</h2><p>True vampires are cunning, immortal, and possessed of supernatural powers. They can move with inhuman speed, shrug off wounds that would kill a mortal, and dominate the minds of their victims. They cannot abide sunlight and must consume human blood to survive.</p><h2>Dhampirs</h2><p>Dhampirs are the half-living offspring of vampires and humans, or mortals who have been infected with vampirism but survived without fully turning. They share some of their progenitors' abilities: enhanced senses, supernatural grace, and extended lifespans. However, they also inherit the vampiric hunger for blood, though it is less overwhelming than that of a true vampire.</p><p>Dhampirs occupy an uncomfortable position in Neo-Victorian society. They are tolerated because of their usefulness as vampire hunters, but they are never fully trusted. Many Dhampirs join the Noctuary, a secret organization dedicated to hunting vampires.</p><h2>The Noctuary</h2><p>The Noctuary is a covert organization that hunts vampires. Its membership includes Dhampirs, vampire hunters, and others who have sworn to destroy the undead aristocracy. The organization operates in secret, for vampires have infiltrated the highest levels of Neo-Victorian society.</p>"
    },
    {
      "name": "Animates and the Undead",
      "type": "text",
      "img": "icons/creatures/unholy/zombie-walking-green.webp",
      "content": "<h1>Animates</h1><p>Animates are the risen dead—corpses reanimated by the Plague. They possess no intelligence, no memory of their former lives, and no motivation beyond an insatiable hunger for living flesh.</p><h2>Types of Animates</h2><p><strong>Standard Animates</strong> are recently risen corpses. They are slow, clumsy, and easily destroyed by a blow to the head. However, they are dangerous in numbers, and their bite carries the Plague.</p><p><strong>Raveners</strong> are animates that have consumed enough living flesh to grow larger and more powerful. Some raveners have grown to enormous size, absorbing the biomass of dozens of victims.</p><p><strong>Mercurials</strong> are animates that retain fragments of their former personalities. They are rare and unpredictable—some can even speak, though their words are often nonsensical.</p><h2>The Plague</h2><p>The Plague of Reanimation is a mysterious contagion that causes the dead to rise. Its origin remains unknown, though theories abound: divine punishment, military experiment, supernatural curse, or simply an inexplicable mutation of nature.</p><p>Anyone who dies may reanimate—the process seems random and cannot be predicted. The only certain prevention is destruction of the brain or cremation of the body. For this reason, incinerators burn day and night in every major city.</p><h2>Other Undead</h2><p>Besides animates and vampires, the Neo-Victorian world is haunted by other forms of undeath:</p><p><strong>Thropes</strong> are living humans infected with lycanthropy—a disease that transforms them into bestial monsters during times of stress or rage.</p><p><strong>Ghouls</strong> suffer from congenital necrophagic syndrome, a condition that compels them to consume the flesh of the dead. Ghouls retain their intelligence but are driven by an uncontrollable hunger.</p><p><strong>Prometheans</strong> are corpses reanimated through galvanic science—the application of electrical current to dead tissue. Unlike plague animates, Prometheans can be controlled and are sometimes used as laborers or soldiers.</p>"
    },
    {
      "name": "The Deathwatch",
      "type": "text",
      "img": "icons/equipment/shield/heater-steel-sword-black-gold.webp",
      "content": "<h1>The Deathwatch</h1><p>The Deathwatch is the military force responsible for defending the metropolis from the animate threat. They man the walls, patrol the streets, and venture into the Wastelands to destroy animate hordes before they can threaten the city.</p><h2>Organization</h2><p>The Deathwatch is organized along military lines, with a clear hierarchy of ranks from Private to General. Soldiers are recruited from all classes of society, though officers tend to come from the aristocracy or the wealthy middle class.</p><h2>Equipment</h2><p>Deathwatch soldiers are equipped with the best weapons available: bolt-action rifles, automatic pistols, grenades, and melee weapons for close combat. They wear armored uniforms and gas masks, and are trained to fight in the smog-choked streets of the city.</p><h2>The Walls</h2><p>The primary duty of the Deathwatch is to defend the walls. Soldiers patrol the ramparts day and night, watching for animate incursions. When a breach occurs, the Deathwatch responds with overwhelming force.</p><h2>Wasteland Operations</h2><p>The Deathwatch also conducts operations in the Wastelands—the animate-haunted territories beyond the walls. These missions range from escort duties for trade caravans to search-and-destroy operations against large animate concentrations.</p>"
    },
    {
      "name": "Undertakers",
      "type": "text",
      "img": "icons/skills/melee/strike-polearm-heavy.webp",
      "content": "<h1>Undertakers</h1><p>Undertakers are professional monster hunters—men and women who make their living destroying animates, vampires, thropes, and other supernatural threats. They operate outside the law, taking jobs that the Deathwatch cannot or will not handle.</p><h2>The Trade</h2><p>Undertaking is a dangerous profession that attracts a certain type of individual: those with nothing to lose, a score to settle, or simply a talent for violence. Most Undertakers are veterans of the Deathwatch, criminals seeking redemption, or survivors of animate attacks who have sworn vengeance against the undead.</p><h2>Jobs</h2><p>Undertakers take a variety of jobs:</p><ul><li><strong>Bounty hunting</strong> - tracking and destroying specific monsters for payment</li><li><strong>Escort duty</strong> - protecting travelers through the Wastelands</li><li><strong>Extermination</strong> - clearing buildings or areas of animate infestation</li><li><strong>Retrieval</strong> - recovering items or people from dangerous locations</li></ul><h2>Payment</h2><p>Undertakers are paid by the job, with rates varying based on danger and difficulty. Some work alone; others form teams or guilds. The most successful Undertakers become legends, their names whispered in fear by the monsters they hunt.</p>"
    },
    {
      "name": "Corruption and the Soul",
      "type": "text",
      "img": "icons/magic/death/skull-energy-light-purple.webp",
      "content": "<h1>Corruption</h1><p>In the Neo-Victorian world, the soul is a measurable quantity, and sin leaves visible marks upon it. Corruption is the stain of wrongdoing—the darkness that accumulates in the soul through violence, vice, and moral compromise.</p><h2>The Three Paths</h2><p>Corruption manifests along three paths, each representing a different form of moral decay:</p><p><strong>Physical Corruption</strong> warps the body. Those who accumulate Physical Corruption may develop deformities, unnatural features, or an aura of wrongness that disturbs those around them.</p><p><strong>Desire Corruption</strong> twists the appetites. Those who accumulate Desire Corruption become slaves to their urges—addiction, lust, gluttony, or other consuming passions.</p><p><strong>Drive Corruption</strong> darkens the will. Those who accumulate Drive Corruption become cold, ruthless, and ultimately inhuman in their pursuit of their goals.</p><h2>Effects of Corruption</h2><p>As Corruption accumulates, characters may develop mental disorders, physical deformities, or supernatural taint. At extreme levels, Corruption can transform a character into something no longer human.</p><h2>The Weight of Sin</h2><p>In game terms, Corruption serves as a measure of a character's moral state. Characters gain Corruption through morally questionable actions: murder, torture, betrayal, or congress with the supernatural. Some Corruption can be shed through acts of redemption, but the stain of serious sin is not easily removed.</p>"
    },
    {
      "name": "Equipment and Technology",
      "type": "text",
      "img": "icons/tools/laboratory/beakers-rack-filled.webp",
      "content": "<h1>Neo-Victorian Technology</h1><p>The technology of the Neo-Victorian world is a strange blend of the familiar and the fantastic. Steam power and gaslight coexist with galvanic batteries and alchemical compounds.</p><h2>Weapons</h2><p>Firearms are the primary weapons of the Neo-Victorian age. Revolvers, automatic pistols, and bolt-action rifles are common. More exotic weapons include:</p><ul><li><strong>Galvanic weapons</strong> - firearms that fire electrified projectiles</li><li><strong>Incendiary weapons</strong> - flamethrowers and fire grenades for destroying animates</li><li><strong>Exculpus blades</strong> - weighted swords designed for decapitation</li></ul><h2>Armor</h2><p>Armor ranges from leather coats reinforced with metal plates to full rubber suits that protect against both physical damage and galvanic weapons. The wealthy may afford custom-fitted armor; the poor make do with whatever protection they can scavenge.</p><h2>Respirators</h2><p>Gas masks and respirators are essential in the smog-choked streets of the metropolis. The simplest models are cloth filters; the most sophisticated are full-face masks with replaceable chemical filters.</p><h2>Alchemical Compounds</h2><p>Alchemy has experienced a renaissance in the Neo-Victorian age. Alchemists produce a variety of useful compounds:</p><ul><li><strong>Anti-agapics</strong> - compounds that slow or reverse aging</li><li><strong>Stitch</strong> - a healing compound that accelerates tissue regeneration</li><li><strong>Angel</strong> - a powerful stimulant that enhances physical abilities</li><li><strong>Various poisons</strong> - contact poisons, ingested toxins, and more</li></ul><h2>Galvanic Science</h2><p>Galvanic science harnesses electrical current for various purposes: powering lights and machines, reanimating the dead, and creating powerful weapons. Galvanic batteries store electrical charge for portable applications.</p>"
    },
    {
      "name": "The Criminal Underworld",
      "type": "text",
      "img": "icons/skills/trades/profession-rogue-pickpocket-locksmith.webp",
      "content": "<h1>The Criminal Underworld</h1><p>Crime flourishes in the Neo-Victorian metropolis. The rigid class system, widespread poverty, and overworked police create perfect conditions for criminals of all stripes.</p><h2>The Family</h2><p>\"The Family\" is the collective term for London's organized crime syndicates. These criminal organizations control gambling, prostitution, smuggling, and protection rackets throughout the city. They operate with varying degrees of sophistication, from brutal street gangs to gentlemen criminals who move in respectable society.</p><h2>Criminal Types</h2><p><strong>Flash Thieves</strong> are professional criminals who specialize in theft. They may be cat burglars, pickpockets, confidence men, or safecrackers. The most successful flash thieves are artists who take pride in their work.</p><p><strong>Mobsmen</strong> are members of organized crime syndicates. They may serve as enforcers, collectors, smugglers, or managers. Loyalty to the organization is paramount.</p><p><strong>Resurrectionists</strong> are body snatchers who steal corpses for sale to medical schools and private researchers. Though illegal, the trade continues because the demand for cadavers exceeds the legal supply.</p><h2>Criminal Cant</h2><p>Criminals have developed their own languages to communicate without being understood by outsiders:</p><p><strong>Thieves' Cant</strong> is a vocabulary of slang terms used by criminals throughout the city.</p><p><strong>Rhyming Slang</strong> replaces words with rhyming phrases, then drops the rhyming word. For example, \"stairs\" becomes \"apples and pears,\" then just \"apples.\"</p><h2>The Underground Economy</h2><p>The criminal underworld operates a parallel economy dealing in stolen goods, contraband, and illegal services. Fences buy stolen items for resale; smugglers move goods past the walls; and various specialists provide services that respectable society cannot openly acknowledge.</p>"
    },
    {
      "name": "Callings",
      "type": "text",
      "img": "icons/sundries/documents/document-official-capital.webp",
      "content": "<h1>Callings</h1><p>A Calling represents a character's profession and social role in Neo-Victorian society. Each Calling provides unique abilities, social connections, and expectations.</p><h2>Aristocrat</h2><p>Aristocrats are members of the hereditary nobility. They possess wealth, social connections, and the privileges of their class. However, they are also bound by rigid expectations of behavior and duty.</p><h2>Criminal</h2><p>Criminals operate outside the law, making their living through theft, violence, or other illicit means. They have connections in the underworld and skills that respectable society frowns upon.</p><h2>Deathwatch Soldier</h2><p>Deathwatch Soldiers defend the walls and protect the citizens of the metropolis from the animate threat. They are trained warriors with access to military equipment and support.</p><h2>Dhampir</h2><p>Dhampirs are the half-living products of vampiric infection. They possess supernatural abilities but must deal with the hunger for blood and the suspicion of society.</p><h2>Doctor</h2><p>Doctors are trained medical professionals who heal the sick and tend to the dying. In a world where corpses rise, their role is more important—and more dangerous—than ever.</p><h2>Mourner</h2><p>Mourners are members of the Quiet Service, trained to watch over the dead and destroy any who rise. They are skilled warriors and spiritual counselors.</p><h2>Undertaker</h2><p>Undertakers are professional monster hunters who take on jobs too dangerous for ordinary citizens. They are tough, resourceful, and accustomed to violence.</p>"
    },
    {
      "name": "The Metropolitan Police",
      "type": "text",
      "img": "icons/equipment/head/hat-feathered.webp",
      "content": "<h1>The Metropolitan Police</h1><p>The Metropolitan Police, founded in 1829, hold jurisdiction over greater London. Nearly eighteen thousand uniformed officers and two thousand plainclothes detectives serve the city. Women have been added to the ranks since the Reclamation.</p><h2>Equipment and Arms</h2><p>Once police walked the streets with only truncheons. Now each constable is issued a heavy service revolver, truncheon, and cutlass. Constables keep weapons concealed unless required. For dangerous criminals, combat shotguns may be issued. For extramundane creatures, specialized weapons including syringe guns with sedatives and requieters are provided.</p><h2>Criminal Investigation Department</h2><p>Headquartered at New Scotland Yard, the CID was founded in 1877. Detectives operate throughout the metropolis, tracking criminals and gathering intelligence. They know how criminals think and can negotiate the hazards of Neo-Victorian rookeries.</p><p>New Scotland Yard is a marvel of modern crime detection. CID utilizes fingerprinting and photography. They've maintained a rogues gallery of captured criminals since 1889 and tracked fingerprints since 1901.</p><h2>Psi Branch</h2><p>Instituted in 2053, Psi Branch adds psychic detectives to CID. Led by Inspector Jonathan Rathley, the branch includes clairvoyants for surveillance, mediums for forensics, and telepaths for interrogation. Operation Oracle attempts to use precogs as an early warning system for catastrophes.</p><p>Psychic detectives are called 'Blackbirds' on the streets. The public appreciates their abilities but few are comfortable around someone who might read their minds.</p><h2>Special Branch</h2><p>Originally established to deal with plots against the state, Special Branch operates in near-complete secrecy. They handle bodyguard details at state functions. Unofficially, they are engaged in a war against anarchist cells throughout the metropolis, conducting an assassination campaign against anarchist leaders.</p>"
    },
    {
      "name": "The Anarchists",
      "type": "text",
      "img": "icons/skills/wounds/blood-spurt-spray-red.webp",
      "content": "<h1>The Anarchist Movement</h1><p>Civil unrest is a constant threat to Neo-Victorian society. The rigid class structure, widespread poverty, and industrial oppression have spawned numerous revolutionary movements.</p><h2>A History of Violence</h2><p>On 21 March 2037, Prime Minister Trevor Harris was assassinated outside his West End home. In 2039, gunmen stormed Creighton-Malden Industries, killing twelve scientists including founder Wallace Malden. A militant socialist group called Red 23 claimed both attacks.</p><p>Red 23 was only the first of many such cells. In 2042, Special Branch uncovered a conspiracy to assassinate King George VI. Despite crackdowns, attacks continued: Sir Robert Southerland in 2046, numerous bombings, and the ongoing campaign of terror.</p><h2>The Lambeth Riot</h2><p>In December 2084, a major food riot erupted in Lambeth. Thousands took to the streets. Bridges were sealed to prevent rioters crossing into the West End. Only when soldiers opened fire, killing 218 civilians, did the crowd disperse.</p><p>The supposed ringleaders were captured and tried in March 2086. Five were sentenced to life imprisonment, three to twenty years. Within a year, two had died of 'unknown causes' and one took his own life. Anarchists throughout the city made martyrs of the dead.</p><h2>The Current War</h2><p>Anarchist cells throughout London have declared war on the establishment. Small-scale bombings and shootouts with police occur with alarming frequency. As fast as Special Branch eliminates one cell, two more take its place. Food riots and bombings remain an ongoing threat.</p><h2>Revolutionary Philosophy</h2><p>Anarchist ideology ranges from Neo-Luddite rejection of technology to socialist redistribution of wealth to nihilistic destruction. Most cells share a hatred of the aristocracy and industrial barons. Some seek reform; others want only fire.</p>"
    },
    {
      "name": "The Office of Urban Defence",
      "type": "text",
      "img": "icons/sundries/documents/document-sealed-red-yellow.webp",
      "content": "<h1>The Office of Urban Defence (OUD)</h1><p>Created by the Domestic Securities Act of 1961, the OUD licenses and funds freelance operatives to hunt down and exterminate the undead. Though intended as a temporary measure, the program has proven so successful it has never been repealed.</p><h2>Undertaker Licensing</h2><p>Getting licensed is simple: an applicant fills out the necessary paperwork. A literate translator is acceptable as long as the applicant signs with an 'X.' Licenses must be renewed yearly. Undertakers must follow all municipal and national laws; infractions result in immediate suspension.</p><h2>Bounties</h2><p>Bounties are based on each creature eliminated:</p><ul><li><strong>Animate:</strong> 5 shillings</li><li><strong>Vampire:</strong> £10</li><li><strong>Thrope:</strong> £12</li><li><strong>Living specimens:</strong> Five times the normal bounty</li></ul><p>The OUD remands living specimens to research facilities as test subjects. Office chiefs have discretionary powers to compensate for more unique creatures.</p><h2>Collecting Bounties</h2><p>For animates, Undertakers must bring severed heads for identification. For vampires, who dissolve to ash upon destruction, at least 65% of remains must be collected for alchemical analysis. Mixed ashes from multiple vampires can be separately identified, though the waiting period increases exponentially.</p><p>Undertakers are sometimes called 'dust men' for their tedious work sweeping up vampiric remains with tiny brushes.</p><h2>Opposition</h2><p>Despite the program's success, there have been numerous appeals to shut down the OUD. Critics claim Undertakers are little better than state-sponsored brigands. Though all attempts to repeal the Domestic Securities Act have failed, the call grows louder every year.</p>"
    },
    {
      "name": "Galvanic Science",
      "type": "text",
      "img": "icons/magic/lightning/bolt-strike-blue.webp",
      "content": "<h1>Galvanic Science</h1><p>Great advances in galvanic technology have been made since the Reclamation. The Tesla array provides electrical energy to power everything from street lamps to radios, but the most dramatic applications are in weapons.</p><h2>Viktor van Haller</h2><p>In 2051, Viktor van Haller introduced the first significant advances in galvanic weaponry. His ion rifle, or lightning gun, forces a lightning bolt through a target's body. Most galvanic weapons need no onboard generator—they draw charge from the ambient energy of the Tesla array.</p><h2>Galvanic Weapons</h2><ul><li><strong>Ion Rifle (Lightning Gun):</strong> Fires concentrated electrical bolts</li><li><strong>Ion Cannon:</strong> Heavy weapon capable of devastating effect</li><li><strong>Lightning Generator:</strong> Wall-mounted weapon of fantastic destructive power</li><li><strong>Syringe Rifle:</strong> Electrically powered, fires sedatives or requieters</li><li><strong>Ball Lightning Projector:</strong> Mounted weapon creating devastating firestorms</li></ul><h2>The Walls of London</h2><p>The walls are equipped with formidable galvanic weaponry. Vickers machine guns, heavy incinerators, mass drivers, and ball lightning projectors can rain down biblical firestorms. During the 2097 horde attack, heavy galvanic fire reduced thousands of animates to ash before they reached the walls.</p><h2>Tesla Array</h2><p>The Tesla towers that power London run on coal from mines defended during the Plague Years. These mines remain state-controlled. The city's entire electrical infrastructure depends on this network, making it both essential and vulnerable.</p><h2>Limitations</h2><p>Galvanic weapons are never issued to the Penal Corps. Outside the range of the Tesla array, most galvanic weapons require heavy battery packs with limited charge. Only the Deathwatch and wealthy individuals can afford portable galvanic armaments.</p>"
    },
    {
      "name": "The Sepulchres",
      "type": "text",
      "img": "icons/environment/wilderness/cave-entrance-mountain.webp",
      "content": "<h1>The Sepulchres</h1><p>Rising from the wastelands like towering skeletal fingers are the sepulchres—the blasted ruins of cities devastated during the Plague Years. Swallowed by the blight and haunted by countless restless spirits, these desolate places could never be reclaimed.</p><h2>Perpetual Death</h2><p>Once home to legions of animates, sepulchres are all the more terrifying for their silence now that even their undead populations have crumbled to dust. Despite the apparent stillness, the entropic forces that poison the earth ensure that those who die within the confines of a sepulchre are certain to rise.</p><p>This makes sepulchres uninhabitable. Any settlement would face constant reanimation with no hope of peace.</p><h2>Scavengers and Ghouls</h2><p>Today the sepulchres stand shrouded in eerie silence, only broken when invaded by intrepid scavengers seeking to loot the ruins. The ghoul tribes that dwell in the wastelands revere these unwholesome places as holy sites, conducting strange rituals among the crumbling towers.</p><h2>The Coal Mines</h2><p>A number of coal mines remain active within blighted regions. Workers suffer extraordinary attrition from both industrial dangers and supernormal hazards. Fewer than half survive their first six months. Plague outbreaks are common; in the close quarters of tunnels, potentially devastating.</p><p>Workers in these mines are convicts, debtors, and those with nothing left to lose—misfits and sociopaths unable to make their way anywhere else. Mine reclamation by the Penal Corps is among the most horrific duties imaginable.</p><h2>Salvage Operations</h2><p>Daylight forays into the ruins for salvage are sometimes conducted by brave or desperate individuals. The rewards can be substantial—pre-Plague technology, precious metals, and ancient artifacts fetch high prices. But the risks are extreme.</p>"
    },
    {
      "name": "The Vampire Laws",
      "type": "text",
      "img": "icons/sundries/documents/document-sealed-signatures-red.webp",
      "content": "<h1>The Vampire Laws</h1><p>Parliament's response to the vampire epidemic was a series of laws passed in rapid succession in 1986.</p><h2>Ashton's Discovery</h2><p>In 1972, Dr. Robert Ashton published a case study documenting the creation and destruction of a vampire. This sparked investigations revealing the true scope of vampirism in London. Infection rates were particularly high among prostitutes, with the disease spreading through intimate contact.</p><p>Most shocking was the existence of 'Legacies'—vampires who retained their intelligence. These sentient undead could create more of their kind, painting a far more insidious picture of the epidemic.</p><h2>The Benewick Scandal</h2><p>In 1983, papers published exposés claiming wealthy families sought immortality through vampirism. Lord Benewick was named as one seeking the 'rewards' of undeath. The scandal gripped public imagination—here were those willing to trade humanity for immortality.</p><h2>The Laws</h2><p>In 1986, Parliament passed the Vampire Laws:</p><ul><li>Vampires are legally deceased with no rights to title or property</li><li>Possessions of the 'dead' pass to heirs as in ordinary death</li><li>Vampires are categorized as threats to public wellbeing</li><li>Vampires will be destroyed whenever discovered</li><li>The OUD budget was extended to cover vampire bounties</li></ul><h2>Aftermath</h2><p>Overnight, most vampires in public institutions were destroyed. Survivors were used as test subjects for experiments, from endurance tests to dissection. The Contagious Diseases Act was reinstated, charging police with screening prostitutes for vampirism.</p>"
    },
    {
      "name": "Anti-Agapics and Immortality",
      "type": "text",
      "img": "icons/commodities/gems/gem-faceted-rough-purple.webp",
      "content": "<h1>The Immortal Dreams</h1><p>The vampire scare brought alchemy to public attention. The science of age extension became an obsession for the aristocracy, with phenomenal sums placed in medical endowments.</p><h2>Anti-Agapic Serums</h2><p>Within years, new anti-agapic serums appeared in elite laboratories. These compounds not only prolonged life but could restore youth to a limited degree. Elderly patriarchs purchased decades of vital life at fees that would dwarf a king's treasury.</p><p>Scientists speculated lifespans of 200-300 years would be attainable. The human form might be rendered perfect and immortal. Death itself could be banished.</p><h2>The Limits</h2><p>By 2050, flaws became apparent. The body's capacity to rejuvenate diminished with each application. Scientists revised projections—maximum expected lifespan near 300 years, absent major breakthrough.</p><p>Despite continuing research, the desperately desired breakthrough has not materialized. Those wealthy enough continue funding research, hoping to prolong their lives indefinitely.</p><h2>Social Impact</h2><p>Young scions outraged at perpetual dependence appealed to Parliament, but the venerable heads—perhaps motivated by self-interest—did nothing. Anti-agapic technology remains the exclusive province of the wealthy, widening the gulf between classes.</p><h2>Current Technology</h2><p>The Neo-Victorian apothecary offers various compounds:</p><ul><li><strong>Anti-agapics:</strong> Slow or reverse aging (extremely expensive)</li><li><strong>Stitch:</strong> Accelerates tissue regeneration</li><li><strong>Angel:</strong> Powerful stimulant enhancing physical abilities</li><li><strong>Various compounds:</strong> Sedatives, painkillers, and more</li></ul>"
    },
    {
      "name": "Manufactured Life",
      "type": "text",
      "img": "icons/tools/laboratory/beakers-tall-purple.webp",
      "content": "<h1>Manufactured Life</h1><p>Science has not merely sought to extend life but to create it anew. Various forms of manufactured beings walk the Neo-Victorian world.</p><h2>Anathema</h2><p>In 2034, the Andersham case revealed the existence of anathema—beings created through embryonic modification. Dr. Michael Andersham created a creature that was perfectly human in appearance, modified to breathe London's smog unharmed. Unfortunately, the creature proved unstable, developing cruel psychoses.</p><p>The mob killed both Andersham and his creation. Parliament made virtually all human life creation illegal, with stiff penalties for derivative life forms based on human material.</p><h2>Prometheans</h2><p>Prometheans are corpses reanimated through galvanic science—electrical current applied to dead tissue. Unlike plague animates, Prometheans can be controlled and are sometimes used as laborers or soldiers. The creation process is dangerous and illegal without proper licensing.</p><h2>Thropes</h2><p>Thropes were originally created as super-soldiers, humans infected with a controlled form of lycanthropy. The disease transforms them into bestial monsters during stress or rage. The program was deemed too dangerous; most thropes escaped or were destroyed. Those that remain are hunted by the Deathwatch.</p><h2>Homunculi</h2><p>Homunculi are artificial beings created through alchemy, typically small and simple-minded. They serve as laboratory assistants, messengers, and servants. Unlike more ambitious creations, homunculi are legal if properly registered.</p><h2>Mercurials</h2><p>The term 'mercurial' applies to alchemically reanimated corpses. Unlike galvanic prometheans, mercurials are created through chemical processes. They tend to be unstable, liquefying from within over time. Creating mercurials is punishable by death.</p>"
    },
    {
      "name": "The Penal Corps",
      "type": "text",
      "img": "icons/environment/people/shaking-head-silhouette.webp",
      "content": "<h1>The Penal Corps</h1><p>The worst reclamation assignments fall to recruits remanded to the Domestic Security Force by Neo-Victorian courts. Officially known as the Penal Corps, they are called the 'suicide corps' by civilians and soldiers alike.</p><h2>Recruitment</h2><p>Compulsory four-year terms on Deathwatch reclamation teams are commonly meted out for petty crimes. This does little to improve the Deathwatch's reputation. The Penal Corps maintains its own fortified compounds outside the walls, considerably further from the city than regular facilities.</p><h2>Conditions</h2><p>These compounds are continually under threat of assault by animate hordes. The Corps has a well-deserved reputation for poor military discipline and morale. Galvanic weapons are never issued to the Penal Corps, who must make do with Kramer 2013 bolt-action rifles.</p><h2>Survival</h2><p>The average lifespan of a Penal Corps prisoner is sixteen months, and most of that time is spent waiting in a prison cell until called to duty. Despite inauspicious beginnings, many who survive long enough serve in the Deathwatch past the terms of their sentence.</p><h2>Mine Work</h2><p>Some convicts are sentenced to hard labor in the coal mines. These prisoners work in darkness where periodic Plague outbreaks result in total loss of the prisoner population. Most convicts would prefer death to being locked up in such conditions.</p><h2>Debate</h2><p>There have been discussions in Parliament about sending reclamation teams to former colonies to stabilize conditions there. Thus far, nothing has come of these debates. The Penal Corps remains a grim necessity of Neo-Victorian justice.</p>"
    },
    {
      "name": "Ghosts of London",
      "type": "text",
      "img": "icons/magic/death/skeleton-ghost-standing-blue.webp",
      "content": "<h1>The Spirit World</h1><p>The dead do not always rest quietly. In the Neo-Victorian world, spirits are an acknowledged reality—a threat as dangerous as animates or vampires, though far more subtle. Where animates hunger for flesh, ghosts hunger for connection, for justice, or simply for the suffering of the living.</p><h2>What is a Ghost?</h2><p>A ghost is the spiritual echo of a deceased individual—a fragment of consciousness that persists beyond death. Not everyone who dies becomes a ghost. The process requires trauma, powerful emotions, or unfinished business that anchors the spirit to the physical world.</p><p>Ghosts are not fully conscious beings in the way the living are. They are obsessive, focused entirely on their Pathos—the emotional core that binds them to existence. Some seek vengeance. Others cannot accept their deaths. Many are trapped in loops of behavior, endlessly repeating the circumstances of their demise.</p><h2>The Threshold</h2><p>The boundary between the physical and spiritual worlds is called the Threshold. Under normal circumstances, the living cannot perceive what lies beyond this barrier. Spirits exist on the other side, watching, waiting, and occasionally reaching through to affect the physical world.</p><p>Certain locations have weak Thresholds—places where the barrier between worlds is thin. Graveyards, murder sites, and locations of great tragedy often become haunted because spirits can more easily manifest there.</p><h2>Detection</h2><p>The living can detect spirits through several means: sensitive individuals may feel a 'presence,' animals often react to ghosts before humans notice them, and specialized aethertech equipment can measure spectral activity. Mediums can perceive spirits directly through their Second Sight.</p>"
    },
    {
      "name": "Spirit Taxonomy",
      "type": "text",
      "img": "icons/magic/death/hand-undead-skeleton-fire-pink.webp",
      "content": "<h1>Types of Spirits</h1><p>Parapsychologists have identified several distinct categories of spirits, each with different characteristics and powers.</p><h2>Shades</h2><p>The weakest and most common spirits, shades are barely conscious echoes of the dead. They manifest as cold spots, strange sounds, or flickering lights. Most shades cannot interact meaningfully with the physical world and pose little threat.</p><h2>Haunts</h2><p>More powerful than shades, haunts possess enough will to manifest visually and interact with objects. They are typically bound to a specific location—the site of their death or a place of emotional significance. Most 'traditional' ghosts are haunts.</p><h2>Poltergeists</h2><p>Poltergeists are psychokinetically powerful spirits that manifest primarily through physical force. They throw objects, slam doors, and create chaos. Many are the spirits of children or the mentally disturbed—individuals who expressed rage through action in life.</p><h2>Revenants</h2><p>Revenants are the spirits of those who died with overwhelming drives—usually vengeance. They are intelligent, focused, and capable of sophisticated manifestations. A revenant will pursue its goal with single-minded determination, often across decades.</p><h2>Banshees</h2><p>These spirits are harbingers of death. Their wailing heralds the passing of the living, though whether they cause death or merely predict it remains debated. Banshees are particularly associated with certain bloodlines.</p><h2>Wraiths</h2><p>The most dangerous category of spirit, wraiths have been consumed by hatred and malice. They actively seek to harm the living, draining life force or possessing victims. A wraith must be destroyed—it cannot be reasoned with or laid to rest through conventional means.</p><h2>Dolls</h2><p>Some spirits become attached to physical objects rather than locations. These 'dolls' use their host objects to manifest, sometimes animating them directly. Possessed dolls, puppets, and mannequins are disturbingly common in Neo-Victorian ghost stories.</p>"
    },
    {
      "name": "Spectral Manifestations",
      "type": "text",
      "img": "icons/magic/death/undead-ghost-scream-teal.webp",
      "content": "<h1>Powers of Manifestation</h1><p>Spirits interact with the physical world through manifestations—exercises of will that allow them to cross the Threshold and affect reality. The strength of a spirit's manifestations depends on its Will.</p><h2>Sensory Manifestations</h2><p>The most common form of manifestation affects the senses of the living:</p><ul><li><strong>Apparition:</strong> The spirit becomes visible as a translucent or spectral form</li><li><strong>Voice:</strong> The spirit speaks, producing sounds audible to the living</li><li><strong>Environmental Effects:</strong> Temperature drops, lights flicker, electronics malfunction</li></ul><h2>Physical Manifestations</h2><p>More powerful spirits can affect physical matter:</p><ul><li><strong>Telekinesis:</strong> Moving objects, slamming doors, throwing items</li><li><strong>Materialization:</strong> The spirit becomes solid enough to touch or be touched</li><li><strong>Possession:</strong> The spirit enters and controls a living body</li></ul><h2>Psychical Manifestations</h2><p>Some spirits can directly affect the minds of the living:</p><ul><li><strong>Nightmare:</strong> Invading dreams to terrorize or communicate</li><li><strong>Emotion:</strong> Projecting feelings of dread, sorrow, or rage</li><li><strong>Memory:</strong> Sharing visions of the past, often the spirit's death</li></ul><h2>Secondary Manifestations</h2><p>Spirits often produce incidental effects when manifesting: cold spots, the smell of decay, unexplained sounds. These secondary manifestations can serve as warning signs of spectral activity.</p><h2>Anchors and Haunts</h2><p>Most spirits are bound to specific locations or objects called Anchors. A spirit cannot stray far from its Anchor and is most powerful when near it. Destroying the Anchor may lay the spirit to rest—or may simply free it to wander.</p>"
    },
    {
      "name": "Psychical Science",
      "type": "text",
      "img": "icons/magic/perception/eye-tendrils-web-purple.webp",
      "content": "<h1>The Psychical Mind</h1><p>Psychical abilities—the power to read minds, move objects with thought, or perceive the future—are real phenomena in the Neo-Victorian world. However, these gifts come at a terrible price: the minds that wield them are invariably unstable.</p><h2>Origins of Psychical Power</h2><p>Psychical abilities seem to emerge from the breakdown of normal mental function. Trauma, mental illness, and neurological abnormality are all associated with the development of powers. The Plague Years, with their unrelenting horrors, triggered an explosion of psychical manifestation.</p><p>Some psychics are born with their gifts, developing abilities in childhood. Others are 'awakened' by traumatic events later in life. In all cases, the power grows as the mind deteriorates.</p><h2>Devotions</h2><p>Psychical abilities are organized into Devotions—categories of power with related effects:</p><ul><li><strong>Empathy:</strong> Sensing and manipulating emotions</li><li><strong>Telepathy:</strong> Reading and projecting thoughts</li><li><strong>Extrasensory Perception:</strong> Perceiving beyond normal senses, astral projection</li><li><strong>Prescience:</strong> Glimpsing the future</li><li><strong>Electrokinesis:</strong> Controlling electrical energy</li><li><strong>Pyrokinesis:</strong> Creating and controlling fire</li><li><strong>Telekinesis:</strong> Moving objects with the mind</li></ul><h2>The Price of Power</h2><p>Every psychic carries the seed of madness. As their powers grow, so does their mental instability. The most powerful psychics are invariably the most disturbed—brilliant and dangerous in equal measure.</p>"
    },
    {
      "name": "Psychic Registration",
      "type": "text",
      "img": "icons/sundries/documents/document-symbol-lightning-purple.webp",
      "content": "<h1>The Board of Psychical Health</h1><p>The Psychic Vigilance Act of 1976 established the Board of Psychical Health, a government agency charged with the registration, training, and licensing of psychics.</p><h2>Registration</h2><p>All psychics are expected to register their powers with the Board. While not legally required, the practical advantages of registration are significant. Licensed psychics can legally profit from their abilities; unlicensed psychics cannot.</p><p>Registration begins with evaluation and grading. Psychics are classified from first class (most powerful) to third class (least powerful). This grading determines what work they can legally perform and how closely they will be monitored.</p><h2>Training</h2><p>Before licensing, psychics must complete training in the control of their abilities. The Board offers free training, but wealthy psychics often attend exclusive academies that provide superior education and social connections.</p><h2>Psi Law</h2><p>Neo-Victorian law places strict limits on psychical powers:</p><ul><li>Mental manipulation (Empathy or Telepathy) is highly illegal</li><li>Psychic eavesdropping on British citizens is prohibited</li><li>Falsifying prognostications constitutes fraud</li><li>Licensed psychokinetics are registered as weapons</li></ul><h2>Enforcement</h2><p>Psychic Branch of Scotland Yard handles psychic crimes. Psychic detectives—the 'Blackbirds'—are among the most feared law enforcement officers in the metropolis. Special interrogators can tear secrets directly from suspects' minds.</p>"
    },
    {
      "name": "The Ghost Industry",
      "type": "text",
      "img": "icons/environment/settlement/wagon-covered.webp",
      "content": "<h1>Ghost Werks and Spirit Services</h1><p>Where there are ghosts, there is profit. The spectral containment industry has grown into a significant sector of the Neo-Victorian economy.</p><h2>Spectral Elimination Firms</h2><p>Private companies offer ghost hunting and elimination services to businesses and individuals. These firms range from reputable parapsychological consultancies to glorified confidence men with impressive equipment. The best maintain aether vaults for captured spirits and employ licensed mediums and parapsychologists.</p><h2>The Ghost Industries Act</h2><p>Passed in 2020, this legislation regulates the capture, containment, and disposal of spirits. Key provisions include:</p><ul><li>All captured spirits must be registered with authorities</li><li>Containment facilities must meet safety standards</li><li>Spirit research requires government licensing</li><li>Releasing contained spirits is a criminal offense</li></ul><h2>Spirit Research</h2><p>Captured spirits are valuable research subjects. Universities and private laboratories study spectral phenomena, seeking to understand the nature of death and consciousness. Some research is benevolent; some is exploitative.</p><h2>The Dominion Scandal</h2><p>In 2088, the Psychical Development Bureau's Dominion project was exposed. For years, the government had secretly experimented on psychics and spirits, conducting horrific tests in pursuit of military applications. The scandal led to reforms and increased oversight of psychical research.</p><h2>Mediumistic Services</h2><p>Mediums offer services ranging from contacting departed loved ones to conducting séances for entertainment. Some work as consultants to the police, communicating with murder victims. The best develop substantial followings among the spiritually curious.</p>"
    },
    {
      "name": "Exorcism and Spirit Combat",
      "type": "text",
      "img": "icons/magic/holy/prayer-hands-glowing-yellow.webp",
      "content": "<h1>Fighting the Invisible World</h1><p>Spirits cannot be killed in the conventional sense—they are already dead. However, they can be driven away, contained, or laid to rest permanently.</p><h2>Exorcism</h2><p>Exorcists use faith and willpower to combat spirits. The core abilities include:</p><ul><li><strong>Compel:</strong> Force a spirit to speak the truth through contested Will</li><li><strong>Deliverance:</strong> Drive a spirit from a possessed body or location</li><li><strong>Lay to Rest:</strong> Permanently destroy a spirit by reducing its Will to zero</li></ul><p>These abilities require genuine faith—if an exorcist's Corruption exceeds their Will, they lose access to their powers.</p><h2>Psychical Barriers</h2><p>Salt, cold iron, and certain blessed substances can create barriers that spirits cannot easily cross. An enclosed line of salt around a doorway forces a spirit to make a Will roll to pass through. These barriers are temporary but useful for defense.</p><h2>Aethertech Weapons</h2><p>Oscillating field generators can harm spirits directly. Properly calibrated, these devices force spirits to make Will rolls or be dispersed. Aether vaults can contain captured spirits indefinitely.</p><h2>Laying to Rest</h2><p>A spirit can be permanently destroyed when its Will is reduced to zero. This can be accomplished through exorcism, psychical attack, or by resolving the spirit's Pathos—the unfinished business that binds it to existence.</p><p>Understanding what a spirit wants is often the key to destroying it. A ghost seeking vengeance may depart once its killer is brought to justice. One that cannot accept its death may need to be convinced of the truth.</p><h2>Possession</h2><p>Spirits can attempt to possess the living, seizing control of their bodies. Exorcists can drive out possessing spirits, but the process is dangerous for both the host and the exorcist. Strong-willed individuals may be able to resist possession or even expel a spirit on their own.</p>"
    },
    {
      "name": "The Wastelands",
      "type": "text",
      "img": "icons/environment/wilderness/terrain-cliff-brown-fall.webp",
      "content": "<h1>Beyond the Walls</h1><p>The Wastelands are the vast territories between the great walled cities—lands abandoned during the Plague Years and never reclaimed. They are haunted by animates, thropes, and worse things. Yet they are not entirely empty: small communities cling to existence, trade routes connect the metropolises, and valuable resources await those brave or desperate enough to seek them.</p><h2>Geography</h2><p>The British Wastelands encompass what was once the English countryside. Cities, towns, and villages lie in ruins, slowly being reclaimed by nature. Major landmarks include:</p><ul><li><strong>The M1 Corridor:</strong> The old motorway, now a primary trade route patrolled by Deathwatch convoys</li><li><strong>The Yorkshire Blight:</strong> Where the Plague began, now a region of perpetual darkness and concentrated undead activity</li><li><strong>The Channel Tunnel:</strong> Sealed at both ends, rumored to contain millions of trapped animates</li><li><strong>The Scottish Line:</strong> A fortified border where Edinburgh's forces hold back the northern hordes</li></ul><h2>Threats</h2><p>The Wastelands are dangerous beyond measure:</p><ul><li><strong>Animate Hordes:</strong> Vast swarms of the undead that occasionally mass and assault the cities</li><li><strong>Thrope Packs:</strong> Werewolves and other lycanthropes who hunt in the wilds</li><li><strong>Ghoul Tribes:</strong> Necrophages who have adapted to life outside the cities</li><li><strong>Human Raiders:</strong> Bandits and outlaws who prey on travelers</li></ul><h2>Survivors</h2><p>Some communities survive in the Wastelands: fortified villages, monastery-fortresses, and wandering caravans. These hardy souls trade with the cities, providing raw materials and news of the outside world. Their lives are hard but free of the rigid class structure of the metropolises.</p><h2>Salvage</h2><p>The ruins contain valuable salvage: pre-Plague technology, precious metals, and artifacts. Salvage crews venture into dangerous areas to recover these treasures, often dying in the attempt. A successful expedition can make a fortune—if you survive to spend it.</p>"
    },
    {
      "name": "The Continental Powers",
      "type": "text",
      "img": "icons/environment/settlement/city-walls-gray.webp",
      "content": "<h1>Europe After the Plague</h1><p>Britain is not alone in its survival. Across the Channel, the great powers of Europe have also weathered the Plague Years, though each has emerged changed in unique ways.</p><h2>The German Empire</h2><p>Prussia unified the German states into a militarized empire that controls much of Central Europe. Berlin is a fortress-city of rigid discipline and advanced galvanic technology. The German military is the finest in Europe, and their scientists push the boundaries of what is possible.</p><p>Germany maintains cordial but wary relations with Britain. Border disputes in the colonies and competition for resources create ongoing tensions.</p><h2>The French Republic</h2><p>France collapsed into chaos during the Plague Years. Paris was nearly lost, saved only by the Revolution of the Dead—a popular uprising that overthrew the aristocracy and established a radical republic. The French are suspicious of monarchy and religion, promoting science and reason above all.</p><p>Relations with Britain are strained. The French view the Neo-Victorian restoration as reactionary, while the British see French radicalism as dangerous.</p><h2>The Russian Empire</h2><p>Russia sealed its borders during the Plague and has never fully reopened them. Little is known of conditions beyond the Iron Curtain. Occasional refugees speak of a frozen empire ruled by undead Tsars and dark magic. The truth remains a mystery.</p><h2>The American States</h2><p>The former United States fragmented during the Plague. The Eastern Seaboard maintains contact with Europe; the interior is largely unknown. New York and Boston are major cities, but they lack the resources to project power across the Atlantic.</p><h2>The Colonies</h2><p>The British Empire still claims territories across the globe, though control is tenuous. India, Australia, and parts of Africa maintain contact with the Crown. Colonial soldiers serve in the Deathwatch, and colonial resources flow to London—but independence movements grow stronger each year.</p>"
    },
    {
      "name": "Religion in the Neo-Victorian Age",
      "type": "text",
      "img": "icons/environment/settlement/house-one-white.webp",
      "content": "<h1>Faith After Death</h1><p>The Plague of Reanimation has transformed religion. When the dead rise to walk among the living, questions of the soul, the afterlife, and divine purpose take on new urgency.</p><h2>The Church of England</h2><p>The established Church remains a pillar of Neo-Victorian society. It has adapted its theology to address the Plague:</p><ul><li>The dead who rise are soulless shells, not the return of the deceased</li><li>Proper burial rites can reduce (but not eliminate) the chance of reanimation</li><li>The Plague is a test of faith, not divine punishment</li></ul><p>The Church trains exorcists and maintains the Quiet Service (Mourners). Its clergy perform essential functions in death management.</p><h2>The Catholic Church</h2><p>Catholicism remains strong among Irish immigrants and in the colonies. The Vatican has declared the animate plague a manifestation of demonic influence and established orders dedicated to fighting the undead. Relations with the Church of England are complex—doctrinal differences persist, but both recognize a common enemy.</p><h2>Spiritualism</h2><p>The spiritualist movement has exploded in popularity. If the dead can return as animates, why not as spirits? Séances are fashionable entertainment, and mediums are consulted by all classes. The Board of Psychical Health regulates these activities, but frauds and genuine practitioners alike find eager audiences.</p><h2>New Religions</h2><p>The Plague has spawned new religious movements:</p><ul><li><strong>The Children of the Second Death:</strong> Who believe the Plague is divine cleansing and embrace reanimation</li><li><strong>The Purifiers:</strong> Who see themselves as God's instruments to destroy the undead</li><li><strong>The Seekers of the Threshold:</strong> Who study the boundary between life and death as a spiritual path</li></ul><h2>Atheism and Materialism</h2><p>Some reject religion entirely, arguing that the Plague proves there is no divine order. These materialists see the undead as a natural phenomenon to be studied and conquered. They are particularly common among scientists and radicals.</p>"
    },
    {
      "name": "Social Classes of Neo-Victorian London",
      "type": "text",
      "img": "icons/sundries/books/book-embossed-gold-purple.webp",
      "content": "<h1>The Great Chain of Being</h1><p>Neo-Victorian society is rigidly stratified. Birth determines destiny, and social mobility is rare. Understanding one's place in the hierarchy is essential for survival.</p><h2>The Aristocracy</h2><p>At the apex stand the noble families—the lords, ladies, and titled gentry who rule the Empire. They dwell within the First Wall, attend exclusive clubs, and hold the reins of political power. Aristocratic privileges include:</p><ul><li>Access to anti-agapic treatments and extended lifespans</li><li>Legal immunity for many offenses</li><li>Control of vast inherited wealth</li><li>Exclusive social circles and marriage alliances</li></ul><p>The aristocracy is a closed caste. Occasionally, wealthy industrialists purchase titles, but they are never fully accepted.</p><h2>The Upper Middle Class</h2><p>Successful professionals—doctors, lawyers, senior officers, wealthy merchants—constitute the upper middle class. They live comfortably within the Second Wall, aspire to aristocratic connections, and maintain strict standards of respectability. Education is their path to advancement.</p><h2>The Middle Class</h2><p>Clerks, shopkeepers, junior professionals, and skilled tradesmen form the broad middle class. They cling to respectability while fearing the poverty below. Many live within the Second Wall's outer reaches or the better areas of the Third Wall. Education for their children is their greatest investment.</p><h2>The Working Class</h2><p>Factory workers, servants, laborers, and the vast mass of the poor inhabit the Third Wall and the rookeries beyond. Their lives are hard, their work dangerous, and their futures uncertain. Many die young from industrial accidents, disease, or the ever-present threat of the Plague.</p><h2>The Underclass</h2><p>Below the working class exist those who have fallen through all safety nets: the homeless, the criminal, the mad, and the desperate. They survive in the rookeries, the Underground, and the margins of society. For them, the Neo-Victorian social contract offers nothing.</p><h2>The Half-Lifers</h2><p>Outside the normal hierarchy exist the half-lifers: dhampirs, ghouls, and others touched by supernatural affliction. Legally ambiguous and socially marginalized, they navigate a world that fears and needs them in equal measure.</p>"
    },
    {
      "name": "Crime and Punishment",
      "type": "text",
      "img": "icons/sundries/documents/document-sealed-red.webp",
      "content": "<h1>Neo-Victorian Justice</h1><p>The law in Neo-Victorian London is harsh and unequal. Justice depends heavily on social class, wealth, and connections. The same crime that earns an aristocrat a slap on the wrist may send a laborer to the mines—or worse.</p><h2>The Courts</h2><p>Magistrates' courts handle minor offenses, dispensing swift justice to the lower classes. The Central Criminal Court (Old Bailey) tries serious crimes. Trials are brief; evidence is often circumstantial. The wealthy can afford barristers; the poor rely on overburdened public defenders.</p><h2>Punishments</h2><p>Neo-Victorian punishments are severe:</p><ul><li><strong>Transportation:</strong> Exile to distant colonies or Wasteland work camps</li><li><strong>Hard Labor:</strong> The coal mines, where life expectancy is measured in months</li><li><strong>Penal Corps:</strong> Military service on the walls and in reclamation operations</li><li><strong>Hanging:</strong> Reserved for murder, treason, and crimes against the Crown</li><li><strong>Dissection:</strong> Post-execution, bodies may be given to medical schools</li></ul><h2>The Police</h2><p>The Metropolitan Police maintain order in the streets. Constables patrol their beats; detectives investigate crimes. Corruption is endemic—many officers supplement their wages with bribes and protection money. Special Branch handles political crimes with methods best not examined too closely.</p><h2>Capital Crimes</h2><p>Certain offenses carry mandatory death sentences:</p><ul><li>Murder (though self-defense is broadly interpreted for the wealthy)</li><li>Treason against the Crown</li><li>Creating unlicensed Prometheans or other abominations</li><li>Harboring vampires or thropes</li><li>Anarchist terrorism</li></ul><h2>The Prison System</h2><p>Prisons range from the relatively comfortable cells of Newgate (for those awaiting trial who can afford to pay) to the brutal conditions of Pentonville and Millbank. Long sentences are rare—either the prisoner is released, transported, or dies in custody.</p>"
    },
    {
      "name": "Medicine and Madness",
      "type": "text",
      "img": "icons/tools/laboratory/vials-blue-pink.webp",
      "content": "<h1>The Healing Arts</h1><p>Neo-Victorian medicine has advanced significantly from its pre-Plague predecessor, driven by necessity and the study of supernatural phenomena. Yet for all its progress, medicine remains an imperfect science.</p><h2>Hospitals</h2><p>Great hospitals serve the metropolis: St. Bartholomew's, Guy's, the London Hospital. For the wealthy, private clinics offer the finest care. For the poor, charity wards provide basic treatment—when beds are available. All hospitals maintain crematoriums for obvious reasons.</p><h2>Surgery</h2><p>Surgical techniques have improved dramatically. Anesthesia is standard; antiseptic procedures reduce infection. Surgeons can remove tumors, repair damaged organs, and even transplant limbs—though success rates vary. Prosthetics have become sophisticated, from mechanical limbs to galvanic hearts.</p><h2>Pharmacy</h2><p>The Neo-Victorian pharmacy offers a vast array of compounds:</p><ul><li><strong>Stitch:</strong> Accelerates healing but carries addiction risk</li><li><strong>Angel:</strong> A stimulant that enhances physical performance</li><li><strong>Anti-agapics:</strong> Life-extending treatments for the wealthy</li><li><strong>Lethe:</strong> Psychic suppressants for dangerous minds</li><li><strong>Morphine and Laudanum:</strong> Pain relief and addiction</li></ul><h2>Psychiatry</h2><p>The alienist's art addresses diseases of the mind. Understanding of mental illness has advanced, recognizing many conditions once attributed to demons or moral failing as genuine medical problems. However, treatment remains primitive: rest cures, hydrotherapy, and commitment to asylums.</p><h2>The Asylums</h2><p>For those deemed incurably mad, the asylum awaits. Conditions vary from the relatively humane Bethlem Royal Hospital to brutal private institutions where patients are warehoused and forgotten. Psychics who lose control often end up in specialized facilities where their powers can be contained.</p><h2>The Plague</h2><p>Despite decades of research, no cure for the Plague of Reanimation exists. Prevention focuses on cremation and proper burial rites. Treatment of the infected is impossible—once bitten, death and reanimation are inevitable. The best that can be done is a quick, merciful end followed by immediate cremation.</p>"
    },
    {
      "name": "Transportation and Communication",
      "type": "text",
      "img": "icons/commodities/tech/wheel-gear-gold.webp",
      "content": "<h1>Moving Through the Neo-Victorian World</h1><p>Despite the dangers of the Wastelands, trade and communication continue between the great cities. The infrastructure of civilization endures, though in modified form.</p><h2>Within the Metropolis</h2><p>London offers multiple transportation options:</p><ul><li><strong>Hansom Cabs:</strong> Horse-drawn carriages for hire, the primary transport for those who can afford it</li><li><strong>Omnibuses:</strong> Public horse-drawn vehicles following fixed routes</li><li><strong>The Underground:</strong> The tube system still operates, though many lines have been sealed due to ghoul infestations</li><li><strong>Steam Carriages:</strong> Expensive automated vehicles for the wealthy</li><li><strong>Walking:</strong> The only option for most of the poor</li></ul><h2>Between Cities</h2><p>Travel beyond the walls requires courage and preparation:</p><ul><li><strong>The Railways:</strong> Armored trains run between major cities on fortified tracks. Delays due to animate incursions are common</li><li><strong>Convoys:</strong> Deathwatch-escorted trade convoys travel the major roads. Expensive but relatively safe</li><li><strong>Airships:</strong> Expensive but bypass ground-level dangers. Reserved for priority cargo and wealthy passengers</li><li><strong>Private Expeditions:</strong> Undertakers and salvage crews travel independently at great risk</li></ul><h2>Communication</h2><p>The Neo-Victorian world stays connected through:</p><ul><li><strong>Telegraph:</strong> Lines connect major cities, enabling rapid communication</li><li><strong>Pneumatic Post:</strong> Capsules shot through tubes deliver messages within London</li><li><strong>Courier Services:</strong> For physical documents and packages</li><li><strong>Newspapers:</strong> The Times, The Guardian, and tabloids spread information (and misinformation)</li><li><strong>Radio:</strong> Experimental technology, primarily military and governmental</li></ul><h2>The Tesla Array</h2><p>London's electrical infrastructure depends on the Tesla array—a network of towers that broadcast power wirelessly. This galvanic energy powers street lamps, machinery, and advanced devices throughout the metropolis. Outside the array's range, batteries and steam power must suffice.</p>"
    }
  ]
}