{
  "metadata": {
    "id": "npcs",
    "label": "npcs",
    "type": "world",
    "package": "RNK",
    "path": "packs/npcs.db",
    "name": "npcs"
  },
  "entries": [
    {
      "name": "Lord Jeffrey Morrison Grimbald III",
      "type": "npc",
      "img": "icons/sundries/documents/document-official-capital.webp",
      "system": {
        "description": "<p><em>Starting Aristocrat</em></p><p>Lord Grimbald is a dandy in his early twenties. Grimbald spends most of his time on the social scene but is best known for his amateur interests in archaeology and his talent at archery. This fall he plans to accompany his godfather, Sir William Clairborne, on a secret expedition to the ruins of Nineveh.</p><p>Little is expected of Grimbald, save to look presentable and to mind his manners. For a young aristocrat in the Neo-Victorian age, that is no mean task. Grimbald, however, has proven up to the undertaking. His bright blue eyes, perfect manners, and quick wit have endeared him to his contemporaries and a number of aristocratic parents in search of a prospective husband for their daughters.</p>",
        "attributes": {
          "vitality": {
            "value": 4
          },
          "coordination": {
            "value": 3
          },
          "wit": {
            "value": 2
          },
          "intellect": {
            "value": 2
          },
          "will": {
            "value": 2
          },
          "charm": {
            "value": 2
          }
        },
        "derivedStats": {
          "prowess": {
            "value": 5,
            "base": 5
          },
          "actions": {
            "value": 2
          }
        },
        "creatureType": "human",
        "features": [
          "Blue Blood (Credentials, Connections, Contacts, Decorum, Wealth)"
        ],
        "skills": "Archaeology 3 (Ancient Middle East, History, Research), Fencing 3 (Epée, Free Parry, Riposte), Firearms 2 (Fast Aim, Fast Draw), Language 5 (English), 3 (French), 2 (Latin), Etiquette 3 (Customs, Decorum, Manners), Ride 3 (Care, Country Riding, Jumping), Archery 4 (Longbow, Moving Targets, Snap Reaction, Trick Shot)",
        "notes": "Qualities: Expressive Eyes, Guardian Angel, Upper Class. Impediments: Sheltered. Corruption: Desire 1 (Debauchee). Wealth: 5"
      }
    },
    {
      "name": "Lilliam von Kassl",
      "type": "npc",
      "img": "icons/sundries/documents/document-official-capital.webp",
      "system": {
        "description": "<p><em>Starting Aristocrat</em></p><p>Lilliam von Kassl is a young Prussian aristocrat and the only surviving child of Baron Adolphus von Kassl of Hannover. She has accompanied her cousin, the Baron Tristan von Kassl, on a diplomatic mission to London. Raised abroad, Lilliam speaks fluent English and has no discernible accent. She takes her duties as a hostess seriously and takes great care to mind all the diplomatic matters expected of her.</p><p>Behind the beautiful Lilliam's perfect facade is a manipulative woman who indulges her baser desires with impunity. She is known for her beauty but is notorious for her dangerous liaisons with prominent members of London society.</p>",
        "attributes": {
          "vitality": {
            "value": 2
          },
          "coordination": {
            "value": 3
          },
          "wit": {
            "value": 4
          },
          "intellect": {
            "value": 3
          },
          "will": {
            "value": 2
          },
          "charm": {
            "value": 4
          }
        },
        "derivedStats": {
          "prowess": {
            "value": 7,
            "base": 7
          },
          "actions": {
            "value": 2
          }
        },
        "creatureType": "human",
        "features": [
          "Blue Blood (Credentials, Connections, Decorum, Entitlement, Wealth)"
        ],
        "skills": "History 2 (Political History, World History), Law 2 (Business Law, Political Law), Political Science 2 (Diplomatic Protocol, World Politics), Acting 3 (Emotional Manipulation, Realism, Sincerity), Concentration 2 (Dull Pain, Suppress), Etiquette 4 (Customs, Decorum, Diplomatic, Titles), Language 5 (English), 5 (German), 3 (French), 3 (Latin), Melee Weapon 3 (Duellist, Fast Draw, Free Parry), Unarmed Combat 2 (Foot Work, Free Dodge), Shadow 1 (Crowds)",
        "notes": "Qualities: Connections (3), Credentials, Patron (3), Secret, Upper Class. Impediments: Notoriety. Corruption: Desire 1 (Defiler). Wealth: 6"
      }
    },
    {
      "name": "Lindsay La Froste",
      "type": "npc",
      "img": "icons/skills/trades/profession-rogue-pickpocket-locksmith.webp",
      "system": {
        "description": "<p><em>Starting Criminal (Cat Burglar)</em></p><p>Lindsay La Froste is among the most talented young thieves in London. Known as \"The Gem\" in criminal circles, Lindsay specializes in jewels and other precious items. She is known for her athletic ability and her daring escapades.</p><p>An attractive, slight, blonde woman, Lindsay is known for her childlike amusements and infectious laugh. She uses these disarming traits to her advantage, turning from an apparently impish beauty to a cold professional thief in a heartbeat.</p>",
        "attributes": {
          "vitality": {
            "value": 2
          },
          "coordination": {
            "value": 5
          },
          "wit": {
            "value": 3
          },
          "intellect": {
            "value": 2
          },
          "will": {
            "value": 2
          },
          "charm": {
            "value": 4
          }
        },
        "derivedStats": {
          "prowess": {
            "value": 7,
            "base": 7
          },
          "actions": {
            "value": 2
          }
        },
        "creatureType": "human",
        "features": [
          "Flash Thief (Confidence Man, Cracksman, Rothschild, Screwsman)"
        ],
        "skills": "Acrobatics 3 (Climbing, Falling, Leaping), Appraising 2 (General Knowledge, Jewels), Language 5 (English), 2 (Thieves' Cant), Pistol 2 (Fast Draw, Headhunter), Unarmed Combat 2 (Foot Work, Free Dodge), Lock Picking 4 (Manufacturing Keys, New Locks, Old Locks, Picks), Safecracking 3 (By Ear, Demolitions, Drilling), Shadow 3 (Hide, Night, Plain Sight), Streetwise 4",
        "notes": "Qualities: Credentials, Criminal Associations, Murder of Crows, Reputation – Street, Secret. Impediments: Asthma – Minor, Obsessive Compulsive Disorder – Minor. Corruption: Drive 1 (Consumed). Wealth: 2"
      }
    },
    {
      "name": "Mary Ann Walker (Bloody Mary)",
      "type": "npc",
      "img": "icons/skills/melee/strike-sword-blood-red.webp",
      "system": {
        "description": "<p><em>Starting Criminal (Hired Killer)</em></p><p>Known as \"Bloody Mary,\" Mary Ann Walker is a free agent who sells her services as a debt collector and hired killer. She has spent nearly half her thirty-odd years in various prisons. Feared for her brutality, she first made her name at age fourteen when she murdered a rival with a hatchet and lead pipe.</p><p>Despite her rapacious reputation, Mary retains a loyal circle of friends and numerous lovers. An attractive, slight, blond woman only five feet in stature, she is known for her childlike amusements and infectious laugh—disarming traits she uses to her advantage before turning into a cold killing machine.</p>",
        "attributes": {
          "vitality": {
            "value": 3
          },
          "coordination": {
            "value": 5
          },
          "wit": {
            "value": 3
          },
          "intellect": {
            "value": 2
          },
          "will": {
            "value": 2
          },
          "charm": {
            "value": 2
          }
        },
        "derivedStats": {
          "prowess": {
            "value": 8,
            "base": 8
          },
          "actions": {
            "value": 2
          }
        },
        "creatureType": "human",
        "features": [
          "Flash Thief (Escapist, Ghost, Phantom)"
        ],
        "skills": "Language 5 (English), 2 (Thieves' Cant), Melee Weapon 4 (Deadly Skill, Fast Draw, Free Parry, Riposte), Pistol 2 (Fast Aim, Riposte), Rifle 4 (Fast Aim, Headhunter, Preferred Weapon – Shotgun, Trick Shot), Unarmed Combat 3 (Breakout, Foot Work, Trip), Escapology 3 (Handcuffs, Ropes, Straitjackets), Pick Pocket 2 (Drunks, Wallets), Shadow 3 (Hide, Menace, Night), Streetwise 3",
        "notes": "Qualities: Criminal Associations, Murder of Crows, Reputation – Street, Safe House. Impediments: Criminal Record, Notoriety, Wanted, Phobic Disorder – Surgery (Minor). Corruption: Drive 1 (Dissolution). Wealth: 2"
      }
    },
    {
      "name": "Francis Kestrel (Black Tongue)",
      "type": "npc",
      "img": "icons/consumables/potions/bottle-round-corked-purple.webp",
      "system": {
        "description": "<p><em>Experienced Criminal (Gang Boss)</em></p><p>Better known as \"Black Tongue,\" Francis Kestrel is the boss of the Watermen, a dangerous gang that preys on river traffic. He operates from a seemingly legitimate apothecary near the docks, orchestrating raids and smuggling operations up and down the Thames.</p><p>Kestrel is notorious for utilizing rare herbs and noxious chemicals to eliminate his enemies—his alias refers to the stains left on the mouths of his victims. A giant standing a good head taller than ordinary men, he wears a modified great coat full of hidden pockets for tools, weapons, and poison bottles.</p>",
        "attributes": {
          "vitality": {
            "value": 4
          },
          "coordination": {
            "value": 3
          },
          "wit": {
            "value": 4
          },
          "intellect": {
            "value": 4
          },
          "will": {
            "value": 3
          },
          "charm": {
            "value": 2
          }
        },
        "derivedStats": {
          "prowess": {
            "value": 7,
            "base": 7
          },
          "actions": {
            "value": 2
          }
        },
        "creatureType": "human",
        "features": [
          "Flash Thief (Cant, Mobsman, Negotiator, Procurer)"
        ],
        "skills": "Alchemy 3 (Identification, Manufacture, Veneficium), Medicine 2 (Combat Surgery, Gunshots), Appraise 3 (General Knowledge, Metals, Rare Herbs), Language 5 (English), 5 (Rhyming Slang), 5 (Thieves' Cant), Torture 3 (Bare Hands, No Marks, Psychology), Trade – Accounting 2 (Management, Sales), Melee Weapon 4 (Fast Draw, Headhunter, Preferred Weapon – Combat Syringe, Riposte), Pistol 3 (Fast Aim, Fast Draw, Trick Shot), Thrown Weapon 4 (Fast Draw, Improvisation, Trick Shot, Two-Weapon Fighting), Unarmed Combat 3 (Free Dodge, Improved Knockout, Wrestler), Forgery 3 (Details, Legal Documents, Signatures), Lock Picking 2 (Detection, Old Locks), Shadow 3 (Chase, Hide, Menace), Streetwise 4",
        "notes": "Qualities: Business (3), Criminal Associations, Murder of Crows, Private Laboratory, Reputation – Street, Wealth (4). Impediments: Notoriety, Immunity – Toxins (3). Corruption: Physical 3 (Aura of Deformity), Drive 2 (Twisted). Wealth: 6"
      }
    },
    {
      "name": "Cyril Bellamy",
      "type": "npc",
      "img": "icons/creatures/unholy/demon-horned-winged-fire.webp",
      "system": {
        "description": "<p><em>Starting Dhampir</em></p><p>A pale wisp of a figure, Cyril Bellamy is among the favoured male prostitutes servicing the theatre crowd of Covent Garden. He is known as a quiet, pretty, and unassuming young man with a great number of friends throughout Neo-Victorian society.</p><p>Like many prostitutes, Bellamy contracted vampirism from a client. He survived and adapted quickly to the changes. Despite his apparent good nature, he possesses great cunning and the wild passions of a Dhampir. Those who cross him feel his full wrath.</p>",
        "attributes": {
          "vitality": {
            "value": 2
          },
          "coordination": {
            "value": 4
          },
          "wit": {
            "value": 3
          },
          "intellect": {
            "value": 3
          },
          "will": {
            "value": 2
          },
          "charm": {
            "value": 4
          }
        },
        "derivedStats": {
          "prowess": {
            "value": 7,
            "base": 7
          },
          "actions": {
            "value": 2
          }
        },
        "creatureType": "dhampir",
        "features": [
          "Alien Grace",
          "Blood Drinker",
          "Half-Lifer",
          "Hatred of Vampires",
          "Heightened Vision",
          "Immune to Vampiric Mind Control",
          "Sense Undead",
          "Unnatural Passions",
          "Vampiric Transformation"
        ],
        "skills": "Occult Lore 2 (Astrology, Vampire Lore), Concentration 2 (Compress Sleep, Willpower), Etiquette 3 (Decorum, Diplomatic, Manners), Melee Combat 3 (Fast Draw, Headhunter, Preferred Weapon – Knife), Unarmed Combat 2 (Foot Work, Free Dodge), Pickpocket 2 (Crowds, Sharp Dresser), Shadow 3 (Crowds, Hide, Plain Sight), Streetwise 3 (Hang Outs, Seven Dials, Police)",
        "notes": "Qualities: Connections (6), Criminal Associations, Patron (2). Impediments: Criminal Record, Notoriety, Secret, Malignity, Defects – Elongated Hands, Resolve, Paranoia (Minor). Corruption: Desire 2 (Defiler). Wealth: 4"
      }
    },
    {
      "name": "Mariel Vanbrugh",
      "type": "npc",
      "img": "icons/skills/melee/blade-tips-triple-steel.webp",
      "system": {
        "description": "<p><em>Starting Dhampir (Vampire Hunter)</em></p><p>Mariel Vanbrugh is an ice-cold, no-nonsense professional whose business is killing vampires. After a feral vampire attack left her near death, she was approached by the Noctuary. She focused completely on transforming herself into a living weapon—the perfect vampire hunter.</p><p>Today she is a proven field agent who has aided in the destruction of dozens of vampires, including three she extinguished personally. A reserved young woman of twenty-four with a stern disposition, she is clearly aged beyond her years.</p>",
        "attributes": {
          "vitality": {
            "value": 3
          },
          "coordination": {
            "value": 3
          },
          "wit": {
            "value": 4
          },
          "intellect": {
            "value": 3
          },
          "will": {
            "value": 3
          },
          "charm": {
            "value": 2
          }
        },
        "derivedStats": {
          "prowess": {
            "value": 7,
            "base": 7
          },
          "actions": {
            "value": 2
          }
        },
        "creatureType": "dhampir",
        "features": [
          "Alien Grace",
          "Blood Drinker",
          "Half-Lifer",
          "Hatred of Vampires",
          "Heightened Vision",
          "Immune to Vampiric Mind Control",
          "Sense Undead",
          "Unnatural Passions",
          "Vampiric Transformation"
        ],
        "skills": "Concentration 3 (Dull Pain, Focused Healing, Willpower), Trade – Accounting 3 (Management, Negotiation, Style), Melee Weapon 5 (Deadly Skill, Duellist, Free Parry, Preferred Weapon – Sword, Riposte), Unarmed Combat 3 (Free Dodge, Ground Fighting, Spit Fire), Law 2 (Business Law, Property Law), Occult Lore 2 (History, Vampire Lore)",
        "notes": "Qualities: Noctuary Membership. Impediments: Poor (2), Malignity, Resolve, Night Terrors, Paranoia (Minor), Post-Traumatic Stress Disorder (Minor). Corruption: Drive 2 (Consumed). Wealth: 2"
      }
    },
    {
      "name": "Alexios Demarchis",
      "type": "npc",
      "img": "icons/skills/melee/weapons-crossed-swords-yellow-teal.webp",
      "system": {
        "description": "<p><em>Experienced Dhampir (Vampire Hunter)</em></p><p>Alexios Demarchis is a wanderer and professional vampire hunter from the Greco-Turkish Republic. Born a Dhampir, his father was extinguished by an angry mob before he was born. For thirty years he has travelled the Continent, selling his services wherever required.</p><p>Though over fifty years old, he scarcely looks a day over thirty. His facial features are sharp and hawkish, his skin remarkably dark for a Dhampir. He always dresses fashionably and is known to keep lovers among the adventuresses of the higher classes.</p>",
        "attributes": {
          "vitality": {
            "value": 4
          },
          "coordination": {
            "value": 4
          },
          "wit": {
            "value": 4
          },
          "intellect": {
            "value": 3
          },
          "will": {
            "value": 3
          },
          "charm": {
            "value": 4
          }
        },
        "derivedStats": {
          "prowess": {
            "value": 8,
            "base": 8
          },
          "actions": {
            "value": 2
          }
        },
        "creatureType": "dhampir",
        "features": [
          "Alien Grace",
          "Blood Drinker",
          "Half-Lifer",
          "Hatred of Vampires",
          "Heightened Vision",
          "Immune to Vampiric Mind Control",
          "Sense Undead",
          "Unnatural Passions",
          "Vampiric Transformation"
        ],
        "skills": "History 2 (Ancient Greece, World History), Occult Lore 2 (Greek Folklore, Vampire Lore), Concentration 2 (Dull Pain, Suppression), Etiquette 3 (Customs, Decorum, Titles), Language 5 (Greek), 5 (English), 4 (French), 4 (German), 4 (Spanish), 3 (Arabic), Ride 4 (Care, Chase, Country Riding, Urban Riding), Swim 3 (Distance, Life Saving, Rough Water), Tracking 3 (Identify Tracks, Long Distance, Man Hunter), Melee Weapon 5 (Duellist, Fast Draw, Free Parry, Riposte, Two-Weapon Fighting), Pistol 3 (Fast Aim, Fast Draw, Two-Weapon Fighting), Unarmed Combat 4 (Breakout, Foot Work, Free Dodge, Trip), Escapology 3 (Handcuffs, Ropes, Stage), Pickpocket 2 (Crowds, Wallets), Shadow 4 (Chase, Hide, Menace, Night)",
        "notes": "Qualities: Expressive Eyes, Upper Class, Resolve. Corruption: Desire 2 (Hedonist). Wealth: 7"
      }
    },
    {
      "name": "Walter Crane",
      "type": "npc",
      "img": "icons/tools/laboratory/vials-blue-pink.webp",
      "system": {
        "description": "<p><em>Starting Doctor (Disgraced Physician)</em></p><p>Walter Crane is a sickly, broken-down wreck of a man. Though professionally trained as a physician, his primary occupations are self-pity, gambling, and satisfying his opium addiction. When sober, he practices medicine on those with no one else to turn to.</p><p>Hard living has taken an indelible toll on the doctor. Stooped and shaky, he has the barren eyes of an unrepentant drug fiend. His dishevelled appearance is made all the more comical by the aged and patched suits that he wears.</p>",
        "attributes": {
          "vitality": {
            "value": 3
          },
          "coordination": {
            "value": 3
          },
          "wit": {
            "value": 3
          },
          "intellect": {
            "value": 3
          },
          "will": {
            "value": 2
          },
          "charm": {
            "value": 1
          }
        },
        "derivedStats": {
          "prowess": {
            "value": 6,
            "base": 6
          },
          "actions": {
            "value": 2
          }
        },
        "creatureType": "human",
        "features": [
          "Black Bag (Field Medic, Healer, Street Doc)"
        ],
        "skills": "Alchemy 2 (Identification, Manufacture), Hypnosis 2 (Hypnotherapy, Stage Hypnosis), Law 2 (Malpractice, Mortuary Law), Medicine 3, Occult Lore 2 (Folk Lore, Eastern Mysticism), Psychology 2 (Clinical, Experimental Treatments), Etiquette 2 (Customs, Decorum), Gambling 4 (Bluffing, Cards, Cheating, Odds), Language 5 (English), 3 (Rhyming Slang), 2 (Latin), Pistol 4 (Fast Aim, Fast Draw, Headhunter, Preferred Weapon – Revolver), Unarmed Combat 4 (Hardened Strike, Improved Knockout, Spit Fire, Trip), Forgery 2 (Legal Documents, Signatures), Lock Picking 3 (Detection, Manufacturing Keys, Picks), Shadow 3 (Crowds, Hide, Plain Sight), Streetwise 2 (Fence, Scrounge)",
        "notes": "Qualities: Nondescript. Impediments: Notoriety, Poor (5), Bad Tasting, Resolve, Dementia (Minor). Corruption: Desire 1 (Addiction), Drive 1 (Dissolution). Wealth: 2"
      }
    },
    {
      "name": "Divinia Grey",
      "type": "npc",
      "img": "icons/tools/laboratory/mortar-stone-green.webp",
      "system": {
        "description": "<p><em>Starting Doctor (Secret Necrophile)</em></p><p>Divinia Grey operates a private medical practice in the West End catering to aristocratic parents. However, she has little interest in helping patients. Her off hours are spent volunteering at hospices—not out of philanthropy but to study the human form in extremis.</p><p>She yearns desperately for the day when she can vivisect a human specimen. A short, wiry woman who looks much younger than her thirty years, her bright eyes constantly explore the world around her.</p>",
        "attributes": {
          "vitality": {
            "value": 2
          },
          "coordination": {
            "value": 3
          },
          "wit": {
            "value": 3
          },
          "intellect": {
            "value": 4
          },
          "will": {
            "value": 3
          },
          "charm": {
            "value": 2
          }
        },
        "derivedStats": {
          "prowess": {
            "value": 6,
            "base": 6
          },
          "actions": {
            "value": 2
          }
        },
        "creatureType": "human",
        "features": [
          "Black Bag (Field Medic, Forensic Pathology, Healer, Plague Doctor, Reanimist)"
        ],
        "skills": "Alchemy 3 (Anti-Agapics, Reanimation, Toxicology), Forensic Science 2 (Biological Evidence, Forensic Psychology), Medicine 5, Occult Lore 2 (Organizations, Spiritualism), Psychology 2 (Abnormal, Experimental Treatments), Thanatology 2 (Death Science, Mortuary Law), Acting 2 (Realism, Sincerity), Concentration 2 (Compress Sleep, Willpower), Etiquette 2 (Business, Manners), Language 5 (English), 2 (Latin), Pistol 2 (Fast Aim, Fast Draw), Unarmed Combat 2 (Foot Work, Free Dodge), Forgery 1 (Legal Documents)",
        "notes": "Qualities: Business (7), Secret, Plague Kissed, Resolve, Savant. Impediments: Melancholy, Dementia (Minor), Necrophilia (Chronic). Corruption: Drive 1 (Twisted). Wealth: 7"
      }
    },
    {
      "name": "Ji Guo Lao (The Smoking Ghost)",
      "type": "npc",
      "img": "icons/consumables/potions/bottle-round-labeled-green.webp",
      "system": {
        "description": "<p><em>Experienced Doctor (Limehouse Alchemist)</em></p><p>Ji Guo Lao, a renowned alchemist, operates out of the depths of Limehouse. His patent serum for immortality, the \"Ghost Life Formula,\" requires annual doses of the foulest concoction—anyone missing a dose suffers rapid disintegration of internal organs.</p><p>Tall and lanky, Ji strikes an imposing figure. His penetrating eyes are said to glow faintly in the dark, and his very breath is said to be poisonous. He always appears dressed in fine silk robes of jet black.</p>",
        "attributes": {
          "vitality": {
            "value": 3
          },
          "coordination": {
            "value": 2
          },
          "wit": {
            "value": 3
          },
          "intellect": {
            "value": 5
          },
          "will": {
            "value": 4
          },
          "charm": {
            "value": 1
          }
        },
        "derivedStats": {
          "prowess": {
            "value": 5,
            "base": 5
          },
          "actions": {
            "value": 2
          }
        },
        "creatureType": "human",
        "features": [
          "Black Bag (Euthanasia, Healer, Heal Thyself, Street Doc)"
        ],
        "skills": "Alchemy 5 (Anti-Agapics, Drug Design, Manufacture, Transmutation, Veneficium), History 3 (Alchemical History, Chinese History, Prehistory), Medicine 4 (Alchemy, Combat Surgery, Internal Medicine, Surgery), Natural Science 3 (Biology, Botany, Geology), Occult Lore 4 (Astrology, Cult Leader, Eastern Mysticism, History), Theology 5 (Buddhism, Confucianism, Historical Theology, Three Kingdoms Era, Taoism), Concentration 4 (Compress Sleep, Dull Pain, Focused Healing, Thought Mask), Etiquette 4 (Customs, Decorum, Manners, Tradition), Languages 5 (Cantonese), 5 (Mandarin), 5 (Wu), 4 (English), 4 (French), 3 (Latin), Melee Weapon 2 (Fast Draw, Headhunter), Unarmed Combat 3 (Free Dodge, Spit Fire, Trip), Streetwise 3 (Bosses, Chinese Criminals, Limehouse)",
        "notes": "Qualities: Business (5), Connections (6), Creditor (5), Criminal Associations, Murder of Crows, Private Laboratory, Reputation – Street, Poison Blood, Long Lived, Evil Eye, Resolve, Time Sense. Impediments: Notoriety, Fastidious. Corruption: Physical 2 (Aura of Deformity), Drive 3 (Killer Instinct). Wealth: 7"
      }
    },
    {
      "name": "Dr. Elias Fell",
      "type": "npc",
      "img": "icons/tools/laboratory/beakers-rack-filled.webp",
      "system": {
        "description": "<p><em>Experienced Doctor (Miracle Worker)</em></p><p>Dr. Elias Fell, respected member of the Royal College of Surgeons, is a physician par excellence. His skilled hands have saved countless lives. The hopeless cases, the terminally ill, and the dying may find hope in his talented ministrations.</p><p>Privately, the doctor pursues lines of research requiring specialized human variants. He maintains the appearance of a healthy man in his mid-forties, but his true age is unknown. There is something untoward about Dr. Fell—animals will not submit to his touch unless restrained, and children hide at his approach.</p>",
        "attributes": {
          "vitality": {
            "value": 3
          },
          "coordination": {
            "value": 3
          },
          "wit": {
            "value": 4
          },
          "intellect": {
            "value": 5
          },
          "will": {
            "value": 3
          },
          "charm": {
            "value": 2
          }
        },
        "derivedStats": {
          "prowess": {
            "value": 7,
            "base": 7
          },
          "actions": {
            "value": 2
          }
        },
        "creatureType": "human",
        "features": [
          "Black Bag (Credentials, Euthanasia, Forensic Pathology, Healer, Life Bringer, Peerless Surgeon)"
        ],
        "skills": "Alchemy 3 (Anti-Agapics, Identification), History 3 (Historical Anthropology, Prehistory, World History), Law 3 (Artificial Life, Family Laws, Malpractice), Medicine 6, Natural Science 3 (Biology, Medicinal, Structure), Occult Lore 2 (History, Teaching), Concentration 2 (Compress Sleep, Suppression), Etiquette 2 (Decorum, Manners), Language 5 (English), 5 (Latin), Pistol 3 (Fast Aim, Headhunter, Snap Reaction), Unarmed Combat 1 (Foot Work)",
        "notes": "Qualities: Private Laboratory, Upper Class, Wealth (2). Impediments: Notoriety, Secret, Able Bodied, Resolve, Savant. Corruption: Physical 4 (Aura of Deformity), Drive 3 (Consumed). Wealth: 9"
      }
    },
    {
      "name": "Ashley Cutter",
      "type": "npc",
      "img": "icons/skills/melee/strike-polearm-light-white.webp",
      "system": {
        "description": "<p><em>Starting Mourner</em></p><p>Ashley's first step in devotion to the Quiet Service occurred during childhood when she survived the spontaneous animation of her mother. Acting with precocious determination, she destroyed the animated corpses of her family one by one before calling the authorities.</p><p>At fifteen, she underwent a total hysterectomy at her own demand—a symbol of her dedication to the Mourner's pledge of chastity. Now twenty-one, her features and body are almost perfectly androgynous.</p>",
        "attributes": {
          "vitality": {
            "value": 4
          },
          "coordination": {
            "value": 4
          },
          "wit": {
            "value": 3
          },
          "intellect": {
            "value": 2
          },
          "will": {
            "value": 3
          },
          "charm": {
            "value": 2
          }
        },
        "derivedStats": {
          "prowess": {
            "value": 7,
            "base": 7
          },
          "actions": {
            "value": 2
          }
        },
        "creatureType": "human",
        "features": [
          "Exculpus Mastery (Decapitate, Head Taker, Preferred Weapon – Exculpus)",
          "Familiarity: Animate",
          "Guild Training",
          "Meditations"
        ],
        "skills": "Thanatology 2 (Grief Counselling, Mortuary Law), Theology 2 (Historical Theology, Practical Theology), Acrobatics 2 (Climbing, Leaping), Concentration 4 (Dull Pain, Focused Healing, Thought Mask, Willpower), Etiquette 2 (Decorum, Manners), Language 5 (English), Melee Weapon 5 (Fast Draw, Riposte), Unarmed Combat 3 (Foot Work, Free Dodge, Trip), Shadow 2 (Night, Plain Sight)",
        "notes": "Qualities: Quiet, Malignity, Resolve. Impediments: Poor (1), Melancholy, Post-Traumatic Stress Disorder (Minor). Corruption: Drive 2 (Consumed). Wealth: 3. Note: +1 on initiative rolls."
      }
    },
    {
      "name": "Bertram Henrie",
      "type": "npc",
      "img": "icons/skills/melee/strike-blade-blood-red.webp",
      "system": {
        "description": "<p><em>Starting Mourner (Mute)</em></p><p>People have been worried about Bertram Henrie since he was very young. In childhood, pets began disappearing; dolls would be found dismembered and horribly abused. The boy was transferred to the education of the Quiet Service, where he seemed to thrive.</p><p>At eighteen, standing in excess of two meters and cadaverously thin, his unusual height and skeletal build give him the appearance of a diabolical scarecrow. His lank, greasy blond hair completes the disturbing image.</p>",
        "attributes": {
          "vitality": {
            "value": 2
          },
          "coordination": {
            "value": 4
          },
          "wit": {
            "value": 3
          },
          "intellect": {
            "value": 2
          },
          "will": {
            "value": 2
          },
          "charm": {
            "value": 2
          }
        },
        "derivedStats": {
          "prowess": {
            "value": 7,
            "base": 7
          },
          "actions": {
            "value": 2
          }
        },
        "creatureType": "human",
        "features": [
          "Exculpus Mastery (Decapitate, Head Taker, Preferred Weapon – Exculpus)",
          "Familiarity: Animate",
          "Guild Training",
          "Meditations"
        ],
        "skills": "Medicine 1 (Animate Anatomy), Thanatology 2 (Grief Counselling, History), Theology 2 (Church of England, Historical Theology), Concentration 2 (Dull Pain, Willpower), Etiquette 3 (Customs, Decorum, Manners), Gambling 2 (Cheating, Odds), Language 5 (English), 2 (French), 1 (Latin), Melee Weapon 5 (Free Parry, Riposte), Unarmed Combat 3 (Breakout, Foot Work, Free Dodge), Shadow 2 (Menace, Night)",
        "notes": "Qualities: Upper Class, Wealth (2), Quiet, Malignity, Resolve. Corruption: Drive 2 (Twisted). Wealth: 6. Note: +1 on initiative rolls."
      }
    },
    {
      "name": "Madam Elizabeth Leith",
      "type": "npc",
      "img": "icons/skills/melee/strike-polearm-light-white.webp",
      "system": {
        "description": "<p><em>Experienced Mourner</em></p><p>Madam Leith has been in the employ of the Quiet Service for over fifty years. She has acted as private investigator, personal security, and even assassin. Now she is master of a Hospice of the Quiet Sleep in Stepney, a guardian of the city's dying.</p><p>She appears as a well-kept woman in her fifties thanks to anti-agapics. Her dark eyes gleam with unmistakable intelligence. Those familiar with her recognize in her gaze the signs of dangerous cleverness and an iron will.</p>",
        "attributes": {
          "vitality": {
            "value": 3
          },
          "coordination": {
            "value": 4
          },
          "wit": {
            "value": 4
          },
          "intellect": {
            "value": 4
          },
          "will": {
            "value": 4
          },
          "charm": {
            "value": 4
          }
        },
        "derivedStats": {
          "prowess": {
            "value": 8,
            "base": 8
          },
          "actions": {
            "value": 2
          }
        },
        "creatureType": "human",
        "features": [
          "Exculpus Mastery (Decapitate, Head Taker, Preferred Weapon – Exculpus)",
          "Familiarity: Animate",
          "Guild Training",
          "Meditations"
        ],
        "skills": "Law 1 (Mortuary Law), Medicine 3 (Animate Anatomy, Combat Surgery, Teaching), Thanatology 4 (Grief Counselling, Mortuary Law, Philosophy, Teaching), Theology 4 (Historical Theology, Last Rites, Practical Theology, Teaching), Concentration 4 (Dull Pain, Focused Healing, Thought Mask, Willpower), Etiquette 5 (Customs, Decorum, Diplomatic, Manners, Tradition), Language 5 (English), 3 (Latin), Torture 3 (Bare Hands, Knives, Psychology), Melee Weapon 5 (Riposte, Two-Weapon Fighting), Unarmed Combat 4 (Breakout, Foot Work, Free Dodge, High Kick), Shadow 4 (Chase, Menace, Night, Plain Sight), Streetwise 2 (Bosses, Resurrectionists)",
        "notes": "Qualities: Business (7), Credentials, Criminal Associations, Nondescript, Wealth (4), Secret, Quiet, Light Sleeper, Resolve. Corruption: Drive 2 (Killer Instinct). Wealth: 8. Note: +1 on initiative rolls."
      }
    },
    {
      "name": "Basil Lamb",
      "type": "npc",
      "img": "icons/skills/melee/strike-polearm-heavy.webp",
      "system": {
        "description": "<p><em>Starting Undertaker</em></p><p>Basil Lamb grew up on the outskirts of a rookery in South London. Possessing a strong stomach and a talent for dealing grievous bodily harm, Lamb turned to Undertaking. He is well known and popular among his peers.</p><p>An affable fellow prone to smiling, he is profoundly ugly. Aside from the latticework of scars, his face may have well been carved from granite. He keeps his hair shorn close and constantly wears a leather coif.</p>",
        "attributes": {
          "vitality": {
            "value": 4
          },
          "coordination": {
            "value": 3
          },
          "wit": {
            "value": 3
          },
          "intellect": {
            "value": 2
          },
          "will": {
            "value": 3
          },
          "charm": {
            "value": 2
          }
        },
        "derivedStats": {
          "prowess": {
            "value": 6,
            "base": 6
          },
          "actions": {
            "value": 2
          }
        },
        "creatureType": "human",
        "features": [
          "Familiarity: Animate",
          "Monster Hunter (Eviscerator, Huntsman)",
          "Tough"
        ],
        "skills": "Occult Lore 2, Gambling 2 (Bluffing, Cards), Torture 1 (Blunt Trauma), Tracking 3 (Animates, Man Hunter, Prey Condition), Melee Weapon 4 (Free Parry, Headhunter, Riposte, Preferred Weapon – Polearm), Pistol 2 (Fast Aim, Pistol Whip), Unarmed Combat 4 (Brutality, Foot Work, Free Dodge, Ground Fighting), Lock Picking 2 (Detection, Old Locks), Shadow 2 (Chase, Crowds), Streetwise 3 (Fence, Gangs, South London)",
        "notes": "Qualities: Criminal Associations, Resolve. Impediments: Criminal Record, Ward (Sick Child). Corruption: Physical 1 (Monstrous)."
      }
    },
    {
      "name": "Morris 'Crow' Feller",
      "type": "npc",
      "img": "icons/skills/ranged/target-bullseye-archer-orange.webp",
      "system": {
        "description": "<p><em>Starting Undertaker (Albino Wasteland Hunter)</em></p><p>A melancholic spectre of a man, Crow Feller is an albino Undertaker who operates alone in the Wastelands. He sometimes wanders the Wastes for weeks on end, hunting thropes and animates.</p><p>He habitually wears a weather-beaten top hat over a respirator with photo-reactive lenses. Crow smokes cheap cigars and talks in low harsh tones. He prefers silence to conversation and is known to be the sole survivor of more than one expedition.</p>",
        "attributes": {
          "vitality": {
            "value": 2
          },
          "coordination": {
            "value": 4
          },
          "wit": {
            "value": 4
          },
          "intellect": {
            "value": 3
          },
          "will": {
            "value": 3
          },
          "charm": {
            "value": 1
          }
        },
        "derivedStats": {
          "prowess": {
            "value": 8,
            "base": 8
          },
          "actions": {
            "value": 2
          }
        },
        "creatureType": "human",
        "features": [
          "Familiarity: Animate",
          "Monster Hunter (Eviscerator, Huntsman, Wastelander)",
          "Tough"
        ],
        "skills": "Medicine 2 (Combat Surgery, Thrope Anatomy), Occult Lore 3, Concentration 2 (Dull Pain, Suppression), Tracking 4 (Animates, Identify Tracks, Long Distance, Thropes), Melee Combat 3 (Duellist, Free Parry, Riposte), Pistol 2 (Fast Draw, Headhunter), Rifle 5 (Fast Aim, Night Fighter, Preferred Weapon – Bolt-Action Rifle, Sniper, Trick Shot), Unarmed Combat 2 (Foot Work, Free Parry), Escapology 2 (Handcuffs, Ropes), Shadow 2 (Hide, Plain Sight), Streetwise 2 (Fence, Scrounge)",
        "notes": "Qualities: Nomad, Incorruptible, Malignity, Light Sleeper, Resolve. Impediments: Notoriety, Albinism. Corruption: Drive 2 (Killer Instinct)."
      }
    },
    {
      "name": "Grainne McGregor",
      "type": "npc",
      "img": "icons/skills/ranged/gun-pistol-flintlock-firing-bullet.webp",
      "system": {
        "description": "<p><em>Experienced Undertaker (Living Legend)</em></p><p>In Undertaker circles, Grainne McGregor is a living legend. By age sixteen, she had made a name for herself as a fearsome bounty hunter and gunfighter. Her favourite prey are human mass-murderers and feral vampires.</p><p>She is a lethal shot who has killed twelve men in fair duels and rumoured to have killed many more. Known to be a fierce drinker who is dangerous to approach when in her cups. Her long red hair, now faded with grey, is worn tied back when on the job.</p>",
        "attributes": {
          "vitality": {
            "value": 3
          },
          "coordination": {
            "value": 5
          },
          "wit": {
            "value": 4
          },
          "intellect": {
            "value": 3
          },
          "will": {
            "value": 4
          },
          "charm": {
            "value": 2
          }
        },
        "derivedStats": {
          "prowess": {
            "value": 9,
            "base": 9
          },
          "actions": {
            "value": 3
          }
        },
        "creatureType": "human",
        "features": [
          "Familiarity: Animate",
          "Monster Hunter (Deadeye, Dustman, Eviscerator)",
          "Tough"
        ],
        "skills": "Occult Lore 3, Acrobatics 3 (Climbing, Falling, Leaping), Concentration 3 (Compress Sleep, Suppression, Willpower), Language 5 (Scottish Gaelic), 4 (English), Tracking 2 (Identify Tracks, Man Hunter), Melee Weapon 3 (Fast Draw, Free Parry, Riposte), Pistol 5 (Fast Aim, Fast Draw, Preferred Weapon – Automatic Pistol, Riposte, Two-Weapon Fighting), Rifle 3 (Headhunter, Snap Reaction, Sniper), Thrown Weapon 2 (Fast Draw, Snap Reaction), Unarmed Combat 4 (Foot Work, Free Dodge, Hardened Strike, Improved Knockout), Pickpockets 2 (Crowds, Drunks), Shadow 3 (Chase, Hide, Night), Streetwise 3 (Gangs, Hang Outs, Informants)",
        "notes": "Qualities: Reputation – Street, Safe House, Ambidextrous, Resolve. Impediments: Thick Accent, Illiterate, Night Terrors, Uncontrollable Temper. Corruption: Desire 2 (Addiction – Alcohol), Drive 1 (Killer Instinct). Note: Has 3 Actions per round."
      }
    },
    {
      "name": "Flock Hemling",
      "type": "npc",
      "img": "icons/tools/scribing/pencil-mechanical-orange-white.webp",
      "system": {
        "description": "<p><em>Starting Custom Character (Civilian Photographer)</em></p><p>Operating out of a squalid attic studio, Hemling is a melancholic young man whose trade is photography. A respectable number of pornographic postcards on the market were framed by his ashy hands.</p><p>When not in his studio, he is found at his local public house, hunched over lukewarm tea, enjoying the company of his bohemian friends as they hold forth with harmonic choruses of despair.</p>",
        "attributes": {
          "vitality": {
            "value": 2
          },
          "coordination": {
            "value": 2
          },
          "wit": {
            "value": 4
          },
          "intellect": {
            "value": 3
          },
          "will": {
            "value": 2
          },
          "charm": {
            "value": 3
          }
        },
        "derivedStats": {
          "prowess": {
            "value": 6,
            "base": 6
          },
          "actions": {
            "value": 2
          }
        },
        "creatureType": "human",
        "features": [],
        "skills": "History 2 (Art History, Political History), Law 2 (Common Law, Property Law), Arts 2 (Character Study, Illustration), Concentration 3 (Compress Sleep, Suppression, Willpower), Etiquette 3 (Decorum, Discretion, Manners), Language 5 (English), 4 (French), 4 (Spanish), 2 (Latin), Photography 5 (Developing, General Knowledge, Lighting, Nudes, Portrait Photography), Trade – Small Business Operation 2 (Negotiation, Style), Unarmed Combat 2 (Foot Work, Free Dodge), Shadow 2 (Crowds, Plain Sight), Streetwise 2 (Gangs, Prostitutes)",
        "notes": "Qualities: Business (3), Love (3), Upper Class. Impediments: Debt, Notoriety. Corruption: Desire 1 (Hedonist). Wealth: 5"
      }
    }
  ]
}