{
  "metadata": {
    "id": "psychic-powers",
    "label": "psychic-powers",
    "type": "world",
    "package": "RNK",
    "path": "packs/psychic-powers.db",
    "name": "psychic-powers"
  },
  "entries": [
    {
      "name": "Empathic Bond",
      "type": "psychicPower",
      "img": "icons/magic/perception/eye-ringed-glow-angry-large-red.webp",
      "system": {
        "description": "<p>The empath can sense when a loved one or close acquaintance dies or experiences extremely intense emotions. The character receives these troubling feelings regardless of proximity.</p><p>While the empath will sense his loved one's emotions, this power neither gives insight into the cause of these emotions nor informs the psychic of his loved one's whereabouts.</p>",
        "devotion": "Empathy",
        "level": 1,
        "subject": "Self",
        "range": "Self",
        "trigger": "Passive",
        "rules": "When the character senses the death of a loved one, he gains one Instability Point. When he senses that a loved one is threatened or in great emotional distress, he must make a control check."
      }
    },
    {
      "name": "Ingratiate",
      "type": "psychicPower",
      "img": "icons/magic/control/silhouette-aura-energy.webp",
      "system": {
        "description": "<p>The empath can manipulate the emotional response of a stranger upon their first meeting, enabling him to psychically ingratiate himself to the subject. He can also use this power to allay suspicion by reducing a subject's natural inhibitions and creating an artificial sense of trust and wellbeing.</p><p>However, this power does not change what a subject knows to be true, only what he feels.</p>",
        "devotion": "Empathy",
        "level": 1,
        "subject": "Single target",
        "range": "Touch",
        "trigger": "Maintained",
        "rules": "Contested Will roll vs Subject. If empath wins, gains +2 on contested Charm rolls vs Subject while maintained. Can also calm hostile animals."
      }
    },
    {
      "name": "Read Emotion",
      "type": "psychicPower",
      "img": "icons/magic/perception/eye-tendrils-web-purple.webp",
      "system": {
        "description": "<p>The empath can discern the emotional state of a Subject within his field of vision. This power enables the empath to sense his Subject's emotions and their intensity but not to know the reasons behind them.</p>",
        "devotion": "Empathy",
        "level": 1,
        "subject": "Single target",
        "range": "10 feet × Will (line of sight)",
        "trigger": "Maintained",
        "rules": "Contested Will roll. If empath wins, learns Subject's emotional state. While maintained, can reroll failed Charm and Psychology rolls vs Subject. Detects possession. Works on animals."
      }
    },
    {
      "name": "Empathic Scan",
      "type": "psychicPower",
      "img": "icons/magic/perception/orb-crystal-ball-scrying-blue.webp",
      "system": {
        "description": "<p>The empath can read the emotional states of all Subjects within Range, whether he can see them or not. He discerns Subjects' emotional states but not the reasons behind them.</p>",
        "devotion": "Empathy",
        "level": 2,
        "subject": "Group",
        "range": "Radius 10 feet × Will",
        "trigger": "Maintained",
        "rules": "Single Will roll contested by each subject separately. Can reroll failed Charm/Psychology rolls. Can use other powers on affected subjects without line of sight. Detects possession."
      }
    },
    {
      "name": "Lie Detector",
      "type": "psychicPower",
      "img": "icons/magic/perception/hand-eye-glow-blue.webp",
      "system": {
        "description": "<p>This power enables the empath to gauge a Subject's emotional responses to discern whether or not the Subject is telling the truth.</p>",
        "devotion": "Empathy",
        "level": 2,
        "subject": "Single target",
        "range": "10 feet × Will (line of sight)",
        "trigger": "Maintained",
        "rules": "Contested Will roll. If empath wins, automatically knows when Subject tells a lie while maintained. Must be able to hear Subject's voice."
      }
    },
    {
      "name": "Subtle Manipulations",
      "type": "psychicPower",
      "img": "icons/magic/control/hypnosis-mesmerism-swirl.webp",
      "system": {
        "description": "<p>The empath can intensify or subdue the emotional state of a Subject. He can calm a panicking crowd member, intensify the dread of a frightened victim, or antagonize an angry subject into violence.</p>",
        "devotion": "Empathy",
        "level": 2,
        "subject": "Single target",
        "range": "10 feet × Will (line of sight)",
        "trigger": "Maintained",
        "rules": "Contested Will roll. Subject suffers −1 on Will and Charm rolls while maintained. Can cause automatic fear check failures or emotional outbursts. Works on animals."
      }
    },
    {
      "name": "Bedroom Eyes",
      "type": "psychicPower",
      "img": "icons/magic/control/silhouette-hold-beam-yellow.webp",
      "system": {
        "description": "<p>The empath can use this power to seduce his Subject through mere eye contact. If successful, the Subject will melt into his arms, seemingly enthralled. The manipulation is temporary, and the Subject may not be kindly disposed afterward.</p>",
        "devotion": "Empathy",
        "level": 3,
        "subject": "Single target",
        "range": "Line of sight",
        "trigger": "Maintained",
        "rules": "Contested Will roll (+2 to subject if would be significantly repellent). Subject follows empath if promised immediate sexual contact. Harming subject requires contested Charm vs Will."
      }
    },
    {
      "name": "Heart Strings",
      "type": "psychicPower",
      "img": "icons/magic/life/heart-area-circle-red-green.webp",
      "system": {
        "description": "<p>By focusing his attentions on a single Subject over time, the empath can induce a Subject to fall in love with him. Unscrupulous empaths parasitically feed off their Subjects, bleeding them dry of monetary and emotional wealth.</p>",
        "devotion": "Empathy",
        "level": 3,
        "subject": "Single target",
        "range": "Touch (one hour alone)",
        "trigger": "Thought",
        "rules": "Contested Will roll once daily after 1 hour alone. Need successes equal to Subject's base Will. Subject falls in love, gains +2 on Will/Charm rolls vs them. Lasts 1 month × empath's Charm after separation."
      }
    },
    {
      "name": "Provocation",
      "type": "psychicPower",
      "img": "icons/magic/fire/flame-burning-hand-red.webp",
      "system": {
        "description": "<p>The empath can trigger violent emotional outbursts in a Subject. While affected, a Subject will be overwhelmed with rage and will attack over the slightest provocation or perceived insult.</p>",
        "devotion": "Empathy",
        "level": 3,
        "subject": "Single target",
        "range": "10 feet × Will (line of sight)",
        "trigger": "Maintained",
        "rules": "Contested Will roll. Subject must make Will roll (DR 11 + empath's Will) each minute or fly into rage and attack nearest target. Works on animals."
      }
    },
    {
      "name": "Grip of Fear",
      "type": "psychicPower",
      "img": "icons/magic/death/undead-ghost-scream-teal.webp",
      "system": {
        "description": "<p>The empath can invoke a sense of fear so powerful that the Subject's mind seizes, effectively paralyzing him.</p>",
        "devotion": "Empathy",
        "level": 4,
        "subject": "Single target",
        "range": "10 feet × Will (line of sight)",
        "trigger": "Maintained",
        "rules": "Contested Will roll. If empath wins, Subject is paralyzed with fear and cannot move or take actions. Subject is freed if wounded. Works on animals."
      }
    },
    {
      "name": "Mass Hysteria",
      "type": "psychicPower",
      "img": "icons/magic/control/crowd-control-riot.webp",
      "system": {
        "description": "<p>The empath can influence whole crowds at a time. He can cause peaceful crowds to riot, rioting crowds to calmly disperse, or any other emotional manipulation.</p>",
        "devotion": "Empathy",
        "level": 4,
        "subject": "Group",
        "range": "Radius 15 feet × Will",
        "trigger": "Maintained",
        "rules": "Declare emotional state, then Will roll contested by each subject. Can exempt visible individuals with control check. Requires control check after use. Affects animals."
      }
    },
    {
      "name": "True Emotion",
      "type": "psychicPower",
      "img": "icons/magic/control/silhouette-aura-energy-purple.webp",
      "system": {
        "description": "<p>The empath can create true and lasting emotional responses that will take a lifetime to fade without intervention of a skilled alienist.</p>",
        "devotion": "Empathy",
        "level": 4,
        "subject": "Single target",
        "range": "10 feet × Will (line of sight)",
        "trigger": "Thought",
        "rules": "Describe emotion, strength, and target. Contested Will roll once per day. Need successes equal to Subject's base Will. Must use daily until complete or process fails."
      }
    },
    {
      "name": "Dominion",
      "type": "psychicPower",
      "img": "icons/magic/control/fear-fright-shadow-monster.webp",
      "system": {
        "description": "<p>The empath is a force of human nature. He can blanket city blocks with emotional manipulations, inciting riots or orgies at will. Even when not consciously using this power, his emotional state bleeds out into the world. When he dreams, his dreamscapes cause ripples through consciousness of those nearby.</p>",
        "devotion": "Empathy",
        "level": 5,
        "subject": "Group",
        "range": "Radius 200 feet × Will (doubled when experiencing powerful emotion)",
        "trigger": "Maintained",
        "rules": "Declare emotional state, Will roll contested by each subject. Can exempt visible individuals. Gains 1 Instability Point each use. Alerts Oracle Project. Animals leave the area."
      }
    },
    {
      "name": "Heart Stopper",
      "type": "psychicPower",
      "img": "icons/magic/death/hand-undead-skeleton-fire-pink.webp",
      "system": {
        "description": "<p>The empath can focus such intense emotional pressure on a Subject that his heart stops. This power can only be used against a Subject who is experiencing powerful emotions.</p>",
        "devotion": "Empathy",
        "level": 5,
        "subject": "Single target",
        "range": "10 feet × Will (line of sight)",
        "trigger": "Thought",
        "rules": "Can only target Subject experiencing powerful emotions. Contested Will roll. If empath wins, Subject suffers +10 damage roll to the chest. Gains Instability Point. Subject remains terrified of empath permanently; +2 Intimidation vs that subject."
      }
    },
    {
      "name": "Soul Searcher",
      "type": "psychicPower",
      "img": "icons/magic/perception/eye-ringed-glow-angry-large-purple.webp",
      "system": {
        "description": "<p>The empath has learned to read people like open books. At a glance, he will know what a Subject is feeling, his emotional fortitude, and how he will react to any given situation.</p>",
        "devotion": "Empathy",
        "level": 5,
        "subject": "Single target",
        "range": "Line of sight",
        "trigger": "Passive",
        "rules": "When making a contested Will roll against a visible Subject, the Subject cannot add their Concentration Skill to the roll. Additionally, can reroll failed Charm, Psychology, and Torture rolls against visible characters (each roll can be rerolled only once)."
      }
    },
    {
      "name": "Remote Viewing",
      "type": "psychicPower",
      "img": "icons/magic/perception/eye-ringed-glow-angry-small.webp",
      "system": {
        "description": "<p>The clairvoyant can project his senses to a remote location. While using this power, the psychic can see and hear as if he were at that location. He cannot interact with the environment.</p>",
        "devotion": "Extrasensory Perception",
        "level": 1,
        "subject": "Self",
        "range": "1 mile × Will",
        "trigger": "Trance",
        "rules": "Must know the location or have a personal item from someone there. Wit roll to perceive clearly. Duration limited by trance."
      }
    },
    {
      "name": "Aura Reading",
      "type": "psychicPower",
      "img": "icons/magic/perception/silhouette-stealth-shadow.webp",
      "system": {
        "description": "<p>The clairvoyant can perceive the psychic aura surrounding living beings. This allows him to determine their general health, emotional state, and whether they possess psychic abilities.</p>",
        "devotion": "Extrasensory Perception",
        "level": 1,
        "subject": "Single target",
        "range": "Line of sight",
        "trigger": "Thought",
        "rules": "Perceives general health, emotional state, and psychic potential. Can detect undead and half-lifers by their corrupted or absent auras."
      }
    },
    {
      "name": "Psychometry",
      "type": "psychicPower",
      "img": "icons/magic/perception/hand-eye-fire-blue.webp",
      "system": {
        "description": "<p>By touching an object, the clairvoyant can perceive impressions of significant events connected to that object. The visions are fragmentary and symbolic rather than clear recordings.</p>",
        "devotion": "Extrasensory Perception",
        "level": 2,
        "subject": "Object",
        "range": "Touch",
        "trigger": "Trance",
        "rules": "Will roll to receive impressions. Emotionally significant events leave stronger impressions. May require control check for traumatic visions."
      }
    },
    {
      "name": "Clairvoyance",
      "type": "psychicPower",
      "img": "icons/magic/perception/orb-crystal-ball-scrying-blue.webp",
      "system": {
        "description": "<p>The psychic can perceive distant events as they occur. He sees and hears the target location in real-time, though he cannot interact with it.</p>",
        "devotion": "Extrasensory Perception",
        "level": 3,
        "subject": "Self",
        "range": "10 miles × Will",
        "trigger": "Trance",
        "rules": "Requires focus on known location or person. Wit roll to maintain clarity. Can be blocked by psychic defenses."
      }
    },
    {
      "name": "Premonition",
      "type": "psychicPower",
      "img": "icons/magic/time/clock-spinning-gold-blue.webp",
      "system": {
        "description": "<p>The precog receives visions of possible future events. These visions are often symbolic and require interpretation. The future is not fixed, and actions can change outcomes.</p>",
        "devotion": "Prescience",
        "level": 1,
        "subject": "Self",
        "range": "Self",
        "trigger": "Passive/Trance",
        "rules": "Passive visions come unbidden. Active use requires trance. Visions are symbolic and fragmentary. Will roll to interpret. May cause Instability."
      }
    },
    {
      "name": "Danger Sense",
      "type": "psychicPower",
      "img": "icons/magic/defensive/shield-barrier-glowing-triangle-magenta.webp",
      "system": {
        "description": "<p>The precog receives brief flashes of imminent danger, giving him time to react. This power activates automatically when the psychic is threatened.</p>",
        "devotion": "Prescience",
        "level": 1,
        "subject": "Self",
        "range": "Self",
        "trigger": "Passive",
        "rules": "Automatic warning of imminent danger (seconds to minutes). +2 to Initiative and first defense roll when triggered. May cause control check in combat."
      }
    },
    {
      "name": "Postcognition",
      "type": "psychicPower",
      "img": "icons/magic/time/hourglass-glow-gray.webp",
      "system": {
        "description": "<p>The precog can perceive past events that occurred at his current location. The visions appear as ghostly images superimposed on the present.</p>",
        "devotion": "Prescience",
        "level": 2,
        "subject": "Self",
        "range": "Current location",
        "trigger": "Trance",
        "rules": "Will roll to perceive. More distant events are harder to perceive. Traumatic events leave stronger impressions. May require control check."
      }
    },
    {
      "name": "Oracle",
      "type": "psychicPower",
      "img": "icons/magic/perception/orb-eye-scrying.webp",
      "system": {
        "description": "<p>The precog can answer specific questions about future events. The answers are often cryptic and require interpretation.</p>",
        "devotion": "Prescience",
        "level": 3,
        "subject": "Self",
        "range": "Self",
        "trigger": "Trance",
        "rules": "Ask one question about future events. Will roll to receive answer. Answers are cryptic and symbolic. Future may change based on knowledge gained."
      }
    },
    {
      "name": "Surface Thoughts",
      "type": "psychicPower",
      "img": "icons/magic/perception/third-eye-blue.webp",
      "system": {
        "description": "<p>The telepath can perceive the surface thoughts of a Subject. These are the immediate, conscious thoughts passing through the Subject's mind.</p>",
        "devotion": "Telepathy",
        "level": 1,
        "subject": "Single target",
        "range": "10 feet × Will (line of sight)",
        "trigger": "Maintained",
        "rules": "Contested Will roll. If telepath wins, perceives conscious thoughts. Can detect lies. May require control check with disturbed subjects."
      }
    },
    {
      "name": "Mental Communication",
      "type": "psychicPower",
      "img": "icons/magic/symbols/symbol-lightning-bolt.webp",
      "system": {
        "description": "<p>The telepath can send thoughts directly into another mind. The Subject knows the thoughts are external unless the telepath succeeds in disguising them.</p>",
        "devotion": "Telepathy",
        "level": 1,
        "subject": "Single target",
        "range": "10 feet × Will",
        "trigger": "Thought",
        "rules": "No roll needed for willing subjects. Contested Will for unwilling. Can send words, images, or sensations. Subject knows origin unless telepath succeeds at Charm roll."
      }
    },
    {
      "name": "Mind Probe",
      "type": "psychicPower",
      "img": "icons/magic/perception/eye-ringed-glow-angry-large-teal.webp",
      "system": {
        "description": "<p>The telepath can delve deeper into a Subject's mind to retrieve specific memories or information. This is invasive and often traumatic for the Subject.</p>",
        "devotion": "Telepathy",
        "level": 2,
        "subject": "Single target",
        "range": "Touch",
        "trigger": "Maintained",
        "rules": "Contested Will roll. If telepath wins, can search for specific memories. Subject is aware of the intrusion. May cause Mental Disorders in Subject."
      }
    },
    {
      "name": "Psychic Assault",
      "type": "psychicPower",
      "img": "icons/magic/death/skull-energy-light-blue.webp",
      "system": {
        "description": "<p>The telepath can attack a Subject's mind directly, causing pain and confusion. This assault can render a victim unconscious or cause lasting damage.</p>",
        "devotion": "Telepathy",
        "level": 3,
        "subject": "Single target",
        "range": "10 feet × Will (line of sight)",
        "trigger": "Thought",
        "rules": "Contested Will roll. If telepath wins, Subject suffers damage roll to Mental Health equal to telepath's Will + margin of success. Can knock unconscious."
      }
    },
    {
      "name": "Mind Control",
      "type": "psychicPower",
      "img": "icons/magic/control/hypnosis-mesmerism-pendulum.webp",
      "system": {
        "description": "<p>The telepath can seize control of a Subject's body, forcing them to act against their will. The Subject is conscious but unable to resist.</p>",
        "devotion": "Telepathy",
        "level": 4,
        "subject": "Single target",
        "range": "Line of sight",
        "trigger": "Maintained",
        "rules": "Contested Will roll. If telepath wins, controls Subject's actions. Subject can attempt new Will roll each round. Telepath is distracted while controlling."
      }
    },
    {
      "name": "Electrokinetic Discharge",
      "type": "psychicPower",
      "img": "icons/magic/lightning/bolt-strike-blue.webp",
      "system": {
        "description": "<p>The electrokinetic can generate and discharge electrical energy from his body. This can range from a static shock to a devastating lightning bolt.</p>",
        "devotion": "Electrokinesis",
        "level": 1,
        "subject": "Single target",
        "range": "5 feet × Will",
        "trigger": "Thought",
        "rules": "Wit roll to hit. Damage +2 at Level 1, increasing with Devotion level. Can overload electronic devices. Metal armor provides no protection."
      }
    },
    {
      "name": "Static Field",
      "type": "psychicPower",
      "img": "icons/magic/lightning/bolt-forked-large-blue.webp",
      "system": {
        "description": "<p>The electrokinetic can generate an electrical field around himself that damages anyone who comes into contact with him.</p>",
        "devotion": "Electrokinesis",
        "level": 2,
        "subject": "Self",
        "range": "Touch",
        "trigger": "Maintained",
        "rules": "Anyone touching the psychic or struck in melee suffers automatic electrical damage. Causes minor light and crackling sounds."
      }
    },
    {
      "name": "Ignite",
      "type": "psychicPower",
      "img": "icons/magic/fire/flame-burning-hand.webp",
      "system": {
        "description": "<p>The pyrokinetic can cause flammable materials to spontaneously combust. At higher levels, he can ignite less flammable materials or cause fires to spread rapidly.</p>",
        "devotion": "Pyrokinesis",
        "level": 1,
        "subject": "Object/Area",
        "range": "10 feet × Will (line of sight)",
        "trigger": "Thought",
        "rules": "Will roll to ignite. Highly flammable materials ignite easily. Less flammable materials require higher levels. Fire spreads normally once started."
      }
    },
    {
      "name": "Pyretic Lance",
      "type": "psychicPower",
      "img": "icons/magic/fire/projectile-fireball-orange-red.webp",
      "system": {
        "description": "<p>The pyrokinetic can project a focused stream of fire at a target. This is a devastating ranged attack that can ignite flammable materials on impact.</p>",
        "devotion": "Pyrokinesis",
        "level": 2,
        "subject": "Single target",
        "range": "10 feet × Will",
        "trigger": "Thought",
        "rules": "Wit roll to hit. Damage +4 at Level 2, increasing with Devotion level. Can ignite clothing and surroundings. Armor provides reduced protection."
      }
    },
    {
      "name": "Telekinetic Push",
      "type": "psychicPower",
      "img": "icons/magic/air/wind-vortex-swirl-purple.webp",
      "system": {
        "description": "<p>The telekinetic can exert mental force to push objects or people. The strength of the push increases with the psychic's power.</p>",
        "devotion": "Telekinesis",
        "level": 1,
        "subject": "Object/Person",
        "range": "10 feet × Will (line of sight)",
        "trigger": "Thought",
        "rules": "Will roll to affect. Can push objects up to psychic's Will × 10 pounds. Pushed targets may suffer falling damage. Can deflect projectiles with control check."
      }
    },
    {
      "name": "Telekinetic Grip",
      "type": "psychicPower",
      "img": "icons/magic/control/energy-stream-link-blue.webp",
      "system": {
        "description": "<p>The telekinetic can grasp and manipulate objects at a distance as if using invisible hands. He can hold objects in place, move them, or perform delicate manipulations.</p>",
        "devotion": "Telekinesis",
        "level": 2,
        "subject": "Object",
        "range": "10 feet × Will (line of sight)",
        "trigger": "Maintained",
        "rules": "Will roll to grasp. Weight limit based on Will. Can perform fine manipulation with Coordination roll. Can grapple creatures with contested Will roll."
      }
    },
    {
      "name": "Flight",
      "type": "psychicPower",
      "img": "icons/magic/air/air-burst-spiral-large-blue.webp",
      "system": {
        "description": "<p>The telekinetic can lift himself into the air and fly. This requires considerable concentration and leaves the psychic vulnerable.</p>",
        "devotion": "Telekinesis",
        "level": 3,
        "subject": "Self",
        "range": "Self",
        "trigger": "Maintained",
        "rules": "Movement rate equals Will × 5 feet per round. Requires concentration (-2 on other actions). Sudden interruption causes falling."
      }
    },
    {
      "name": "Telekinetic Crush",
      "type": "psychicPower",
      "img": "icons/magic/unholy/hand-claw-glow-purple.webp",
      "system": {
        "description": "<p>The telekinetic can exert crushing force on a target, causing internal injuries without visible external damage.</p>",
        "devotion": "Telekinesis",
        "level": 4,
        "subject": "Single target",
        "range": "10 feet × Will (line of sight)",
        "trigger": "Maintained",
        "rules": "Contested Will roll. Damage roll equal to telekinetic's Will per round while maintained. Armor provides no protection."
      }
    },
    {
      "name": "Telekinetic Storm",
      "type": "psychicPower",
      "img": "icons/magic/air/wind-tornado-wall-gray.webp",
      "system": {
        "description": "<p>The telekinetic unleashes a devastating storm of psychokinetic force, hurling debris and bodies in all directions. Everything within range is battered by invisible forces of tremendous power.</p>",
        "devotion": "Telekinesis",
        "level": 5,
        "subject": "Area",
        "range": "Radius 20 feet × Will",
        "trigger": "Maintained",
        "rules": "All creatures in area suffer +6 damage roll per round. Loose objects become deadly projectiles (+4 damage). Structures take damage. Psychic gains 1 Instability Point per use. Requires control check."
      }
    },
    {
      "name": "Lightning Arc",
      "type": "psychicPower",
      "img": "icons/magic/lightning/bolt-forked-large-blue-yellow.webp",
      "system": {
        "description": "<p>The electrokinetic can project arcs of lightning that leap between multiple targets. The electricity seeks the path of least resistance, chaining from victim to victim.</p>",
        "devotion": "Electrokinesis",
        "level": 3,
        "subject": "Multiple targets",
        "range": "10 feet × Will",
        "trigger": "Thought",
        "rules": "Wit roll to hit primary target. Lightning chains to up to Will additional targets within 10 feet. Each target suffers +4 damage. Metal armor provides no protection."
      }
    },
    {
      "name": "Electromagnetic Pulse",
      "type": "psychicPower",
      "img": "icons/magic/lightning/orb-ball-blue.webp",
      "system": {
        "description": "<p>The electrokinetic releases a pulse of electromagnetic energy that disrupts all electrical devices in range. Galvanic weapons, aethertech equipment, and Tesla-powered devices are rendered temporarily inoperable.</p>",
        "devotion": "Electrokinesis",
        "level": 4,
        "subject": "Area",
        "range": "Radius 15 feet × Will",
        "trigger": "Thought",
        "rules": "Will roll. All electrical devices in range cease functioning for Will rounds. Galvanic weapons require reset. Aetheric monitors are scrambled. Living targets with prosthetics suffer -2 to actions."
      }
    },
    {
      "name": "Storm Lord",
      "type": "psychicPower",
      "img": "icons/magic/lightning/bolt-strike-forked-blue.webp",
      "system": {
        "description": "<p>The electrokinetic has become a conduit for devastating electrical power. He can call down lightning from the sky itself or generate arcs of electricity powerful enough to level buildings.</p>",
        "devotion": "Electrokinesis",
        "level": 5,
        "subject": "Single target or Area",
        "range": "100 feet × Will (outdoors unlimited during storms)",
        "trigger": "Thought",
        "rules": "Single target: +12 damage, automatic hit on metal armor. Area (15 ft radius): +8 damage to all. Gains 1 Instability Point. During thunderstorms, range is unlimited and damage +2. Requires control check."
      }
    },
    {
      "name": "Inferno",
      "type": "psychicPower",
      "img": "icons/magic/fire/explosion-fireball-large-orange.webp",
      "system": {
        "description": "<p>The pyrokinetic can create a blazing inferno centered on a target location. The flames spread rapidly, consuming everything within the area of effect.</p>",
        "devotion": "Pyrokinesis",
        "level": 3,
        "subject": "Area",
        "range": "10 feet × Will (line of sight)",
        "trigger": "Thought",
        "rules": "Will roll. Creates 10 ft radius fire zone dealing +6 damage per round. Fire spreads to adjacent flammable materials. Smoke obscures vision (-2 Perception). Requires control check to extinguish."
      }
    },
    {
      "name": "Heat Shield",
      "type": "psychicPower",
      "img": "icons/magic/fire/barrier-wall-flame-ring-yellow.webp",
      "system": {
        "description": "<p>The pyrokinetic surrounds himself with a barrier of intense heat. Anyone attempting to approach or attack in melee suffers burns, and incoming projectiles may be incinerated.</p>",
        "devotion": "Pyrokinesis",
        "level": 4,
        "subject": "Self",
        "range": "Self",
        "trigger": "Maintained",
        "rules": "Anyone attacking in melee suffers +4 fire damage. Wooden projectiles incinerate automatically. Metal projectiles -2 damage. Paper and cloth ignite on contact. Cannot be worn with flammable clothing."
      }
    },
    {
      "name": "Conflagration",
      "type": "psychicPower",
      "img": "icons/magic/fire/flame-burning-skeleton.webp",
      "system": {
        "description": "<p>The pyrokinetic can incinerate a target utterly, reducing them to ash in moments. The flames burn from within, consuming the victim's very essence.</p>",
        "devotion": "Pyrokinesis",
        "level": 5,
        "subject": "Single target",
        "range": "10 feet × Will (line of sight)",
        "trigger": "Thought",
        "rules": "Contested Will roll. If pyrokinetic wins, target suffers +10 damage and continues burning (+4 per round until extinguished). Armor melts (permanent). Victim reduced to -10 Health is completely incinerated. Gains 1 Instability Point."
      }
    },
    {
      "name": "Spirit Sight",
      "type": "psychicPower",
      "img": "icons/magic/perception/eye-ringed-glow-blue.webp",
      "system": {
        "description": "<p>The medium can perceive the spirit world, seeing ghosts and other spectral entities as clearly as living beings. Hidden or invisible spirits are revealed to the medium's sight.</p>",
        "devotion": "Second Sight",
        "level": 1,
        "subject": "Self",
        "range": "Line of sight",
        "trigger": "Maintained",
        "rules": "Wit roll to activate. Can see all spirits within line of sight, including hidden entities. Can perceive emotional state and approximate power of spirits. May cause distress if many spirits present (control check)."
      }
    },
    {
      "name": "Speak with Dead",
      "type": "psychicPower",
      "img": "icons/magic/death/skull-energy-light-purple.webp",
      "system": {
        "description": "<p>The medium can communicate verbally with spirits. The spirits hear the medium's words and can respond, though they are under no compulsion to do so.</p>",
        "devotion": "Second Sight",
        "level": 1,
        "subject": "Spirit",
        "range": "20 feet",
        "trigger": "Maintained",
        "rules": "Charm roll to establish friendly communication. Hostile spirits may attack. Can ask questions but spirits answer as they choose. Does not compel truthful answers."
      }
    },
    {
      "name": "Sense Haunting",
      "type": "psychicPower",
      "img": "icons/magic/perception/silhouette-stealth-shadow.webp",
      "system": {
        "description": "<p>The medium can sense when a location is haunted, detecting residual spiritual energy and the nature of any spirits present.</p>",
        "devotion": "Second Sight",
        "level": 2,
        "subject": "Area",
        "range": "50 feet × Will",
        "trigger": "Trance",
        "rules": "Will roll. Detects presence and approximate number of spirits. Determines if haunt is dangerous. Identifies type of spirit (shade, spectre, wraith, etc.). May sense the spirit's pathos or anchor."
      }
    },
    {
      "name": "Spirit Touch",
      "type": "psychicPower",
      "img": "icons/magic/death/hand-undead-skeleton-fire-gray.webp",
      "system": {
        "description": "<p>The medium can physically interact with spirits as if they were solid. This allows the medium to touch, restrain, or even strike spectral entities.</p>",
        "devotion": "Second Sight",
        "level": 2,
        "subject": "Self",
        "range": "Touch",
        "trigger": "Maintained",
        "rules": "While active, the medium's touch affects spirits as if they were physical. Can grapple spirits with Vitality roll. Can damage spirits with unarmed attacks. Spirits can also harm the medium in return."
      }
    },
    {
      "name": "Séance",
      "type": "psychicPower",
      "img": "icons/magic/unholy/orb-beam-smoke-teal.webp",
      "system": {
        "description": "<p>The medium can call forth a specific spirit, summoning it to appear before him. The spirit is not compelled to answer questions or obey commands, but most feel the pull and respond.</p>",
        "devotion": "Second Sight",
        "level": 3,
        "subject": "Spirit",
        "range": "Special",
        "trigger": "Trance (ritual)",
        "rules": "Requires 10 minutes and ritual materials. Will roll contested by spirit's Will. Success summons spirit. Having personal item of deceased grants +2. Spirit may refuse to appear if Will is higher. Strong spirits may be dangerous."
      }
    },
    {
      "name": "Channel Spirit",
      "type": "psychicPower",
      "img": "icons/magic/death/undead-ghost-strike-white.webp",
      "system": {
        "description": "<p>The medium allows a spirit to speak through her body. While channeling, the spirit can communicate with the living using the medium's voice and may even animate her limbs to write or gesture.</p>",
        "devotion": "Second Sight",
        "level": 3,
        "subject": "Self/Spirit",
        "range": "Touch",
        "trigger": "Trance",
        "rules": "Willing spirit enters medium's body. Spirit speaks through medium. Medium remains aware but cannot control body. Can be ended at will by medium (contested Will if spirit resists). Risk of possession if medium's Will fails."
      }
    },
    {
      "name": "Spirit Ward",
      "type": "psychicPower",
      "img": "icons/magic/defensive/shield-barrier-blue.webp",
      "system": {
        "description": "<p>The medium can create a barrier that spirits cannot easily cross. This ward protects an area from spectral intrusion and can trap spirits already within.</p>",
        "devotion": "Second Sight",
        "level": 4,
        "subject": "Area",
        "range": "Radius 10 feet × Will",
        "trigger": "Ritual (1 hour)",
        "rules": "Creates barrier spirits must contest (Will vs medium's Will) to cross. Lasts 24 hours or until broken. Can be made permanent with weekly renewal. Spirits inside cannot leave without contest."
      }
    },
    {
      "name": "Banish Spirit",
      "type": "psychicPower",
      "img": "icons/magic/death/weapon-sword-skull-white.webp",
      "system": {
        "description": "<p>The medium can forcibly expel a spirit from a location or possessed body. The spirit is driven back into the aether and cannot return for a period of time.</p>",
        "devotion": "Second Sight",
        "level": 4,
        "subject": "Spirit",
        "range": "10 feet",
        "trigger": "Thought",
        "rules": "Contested Will roll. If medium wins, spirit is banished for 24 hours × margin of success. Spirit cannot return to that location. If possessing a body, host is freed. Powerful spirits may resist (+2 to +4 Will)."
      }
    },
    {
      "name": "Lay to Rest",
      "type": "psychicPower",
      "img": "icons/magic/light/orb-beams-holy.webp",
      "system": {
        "description": "<p>The medium can permanently destroy a spirit, releasing it from its torment and sending it beyond the veil forever. This is an act of mercy—and extreme power.</p>",
        "devotion": "Second Sight",
        "level": 5,
        "subject": "Spirit",
        "range": "Touch",
        "trigger": "Ritual (10 minutes)",
        "rules": "Contested Will roll. Must reduce spirit's Will to 0 through repeated rolls. Each success reduces spirit's Will by medium's margin of success. Spirit fights back. When Will reaches 0, spirit is permanently destroyed. Gains 1 Instability Point."
      }
    },
    {
      "name": "Walk Between Worlds",
      "type": "psychicPower",
      "img": "icons/magic/death/skeleton-hourglass.webp",
      "system": {
        "description": "<p>The medium can project her consciousness into the spirit world, walking among the dead as one of them. While in this state, her body lies in a deathlike trance.</p>",
        "devotion": "Second Sight",
        "level": 5,
        "subject": "Self",
        "range": "Self",
        "trigger": "Trance",
        "rules": "Spirit form can travel freely, pass through walls, and interact with spirits. Cannot affect physical world. Body is vulnerable. If body is harmed, must make Will roll to return or become trapped. Spirits may not recognize medium as living. Gains 1 Instability Point."
      }
    }
  ]
}