{
  "metadata": {
    "id": "qualities",
    "label": "qualities",
    "type": "world",
    "package": "RNK",
    "path": "packs/qualities.db",
    "name": "qualities"
  },
  "entries": [
    {
      "_id": "umquality001",
      "name": "Ambidextrous",
      "type": "quality",
      "img": "icons/skills/melee/weapons-crossed-swords-yellow.webp",
      "system": {
        "description": "<p>The character can use either hand with equal proficiency. They suffer no penalty for off-hand actions and gain +1 to Two-Weapon Fighting rolls.</p>",
        "category": "physical",
        "cpCost": 2,
        "effects": {
          "offHandPenalty": 0,
          "twoWeaponBonus": 1
        }
      }
    },
    {
      "_id": "umquality002",
      "name": "Acute Senses",
      "type": "quality",
      "img": "icons/magic/perception/eye-ringed-glow-yellow.webp",
      "system": {
        "description": "<p>The character has exceptionally keen senses. Choose one sense (sight, hearing, smell, taste, or touch). The character gains +2 to Wit - Awareness rolls involving that sense.</p>",
        "category": "physical",
        "cpCost": 2,
        "effects": {
          "awarenessBonus": 2,
          "senseType": "choice"
        }
      }
    },
    {
      "_id": "umquality003",
      "name": "Attractive",
      "type": "quality",
      "img": "icons/magic/control/silhouette-hold-beam-yellow.webp",
      "system": {
        "description": "<p>The character possesses physical beauty that draws the eye. They gain +1 to Charm-based rolls when appearance is relevant.</p>",
        "category": "physical",
        "cpCost": 2,
        "effects": {
          "charmBonus": 1
        }
      }
    },
    {
      "_id": "umquality004",
      "name": "Haunting Beauty",
      "type": "quality",
      "img": "icons/magic/control/silhouette-hold-beam-blue.webp",
      "system": {
        "description": "<p>The character possesses an otherworldly, ethereal beauty that captivates and unsettles in equal measure. They gain +2 to Charm-based rolls when appearance is relevant but may also attract unwanted attention.</p>",
        "category": "physical",
        "cpCost": 4,
        "effects": {
          "charmBonus": 2
        }
      }
    },
    {
      "_id": "umquality005",
      "name": "Light Sleeper",
      "type": "quality",
      "img": "icons/magic/perception/eye-ringed-glow-orange.webp",
      "system": {
        "description": "<p>The character wakes easily at the slightest disturbance. They gain +2 to Wit - Awareness rolls to detect intrusion or danger while sleeping.</p>",
        "category": "physical",
        "cpCost": 1,
        "effects": {
          "sleepAwareness": 2
        }
      }
    },
    {
      "_id": "umquality006",
      "name": "Resolve",
      "type": "quality",
      "img": "icons/magic/defensive/shield-barrier-glowing-blue.webp",
      "system": {
        "description": "<p>The character possesses an iron will and exceptional mental fortitude. They gain +2 to Will rolls to resist fear, intimidation, or mental manipulation.</p>",
        "category": "mental",
        "cpCost": 2,
        "effects": {
          "willBonus": 2,
          "context": "resist fear and mental manipulation"
        }
      }
    },
    {
      "_id": "umquality007",
      "name": "Photographic Memory",
      "type": "quality",
      "img": "icons/skills/trades/academics-study-reading-book.webp",
      "system": {
        "description": "<p>The character has perfect recall. They can remember anything they have seen or heard with complete accuracy. They gain +2 to Intellect rolls to remember information.</p>",
        "category": "mental",
        "cpCost": 3,
        "effects": {
          "intellectBonus": 2,
          "context": "memory recall"
        }
      }
    },
    {
      "_id": "umquality008",
      "name": "Time Sense",
      "type": "quality",
      "img": "icons/sundries/misc/hourglass-yellow.webp",
      "system": {
        "description": "<p>The character has an innate sense of time. They always know approximately what time it is and how much time has passed, even without a timepiece.</p>",
        "category": "mental",
        "cpCost": 1,
        "effects": {
          "timeSense": true
        }
      }
    },
    {
      "_id": "umquality009",
      "name": "Linguist",
      "type": "quality",
      "img": "icons/skills/social/diplomacy-handshake-blue.webp",
      "system": {
        "description": "<p>The character has a natural aptitude for languages. They learn new languages at half the normal cost and gain +1 to rolls involving translation or understanding foreign tongues.</p>",
        "category": "mental",
        "cpCost": 2,
        "effects": {
          "languageBonus": 1,
          "languageLearning": 0.5
        }
      }
    },
    {
      "_id": "umquality010",
      "name": "Savant",
      "type": "quality",
      "img": "icons/skills/trades/academics-investigation-study-purple.webp",
      "system": {
        "description": "<p>The character possesses an exceptionally gifted mind. They gain +1 to Intellect and may choose one academic skill in which they gain +2.</p>",
        "category": "mental",
        "cpCost": 5,
        "effects": {
          "intellectBonus": 1,
          "specialSkillBonus": 2
        }
      }
    },
    {
      "_id": "umquality011",
      "name": "Title",
      "type": "quality",
      "img": "icons/commodities/treasure/crown-gold-laurel-wreath.webp",
      "system": {
        "description": "<p>The character holds a noble title (Baron, Viscount, Earl, Marquess, Duke). This grants significant social standing, potential income, and political influence. The cost varies by rank.</p>",
        "category": "social",
        "cpCost": "variable (3-10)",
        "effects": {
          "socialStanding": "noble",
          "rank": "variable"
        }
      }
    },
    {
      "_id": "umquality012",
      "name": "Wealth",
      "type": "quality",
      "img": "icons/commodities/currency/coins-assorted-mix-copper.webp",
      "system": {
        "description": "<p>The character has significant personal wealth beyond their normal starting funds. Each level increases their Wealth rating by 1.</p>",
        "category": "social",
        "cpCost": "2 per level",
        "effects": {
          "wealthIncrease": 1
        }
      }
    },
    {
      "_id": "umquality013",
      "name": "Savings",
      "type": "quality",
      "img": "icons/commodities/treasure/chest-simple-gold.webp",
      "system": {
        "description": "<p>The character has put aside money for a rainy day. Each level provides £50 in savings that can be accessed when needed.</p>",
        "category": "social",
        "cpCost": "1 per level",
        "effects": {
          "savingsAmount": 50
        }
      }
    },
    {
      "_id": "umquality014",
      "name": "Connections",
      "type": "quality",
      "img": "icons/skills/social/diplomacy-handshake-yellow.webp",
      "system": {
        "description": "<p>The character has valuable contacts in various circles. The number of points determines the breadth and power of these connections.</p>",
        "category": "social",
        "cpCost": "1-6",
        "effects": {
          "connectionLevel": "variable"
        }
      }
    },
    {
      "_id": "umquality015",
      "name": "Credentials",
      "type": "quality",
      "img": "icons/sundries/documents/document-sealed-orange.webp",
      "system": {
        "description": "<p>The character is a well-respected professional. They can expect to be granted entrance to relevant institutions, their correspondence will be answered, and they can count on receiving advice from peers. Add relevant skill to Charm - Credibility rolls when dealing with peers.</p>",
        "category": "social",
        "cpCost": 3,
        "effects": {
          "professionalAccess": true,
          "credibilityBonus": "skill"
        }
      }
    },
    {
      "_id": "umquality016",
      "name": "Club Membership",
      "type": "quality",
      "img": "icons/environment/settlement/house-mansion.webp",
      "system": {
        "description": "<p>The character is a member of an exclusive gentlemen's club or similar organization. This provides a safe haven, networking opportunities, and social prestige.</p>",
        "category": "social",
        "cpCost": 2,
        "effects": {
          "safeHaven": true,
          "networking": true
        }
      }
    },
    {
      "_id": "umquality017",
      "name": "Estate",
      "type": "quality",
      "img": "icons/environment/settlement/house-manor-gray.webp",
      "system": {
        "description": "<p>The character owns a significant property - a manor house, estate, or similar holding. This provides income, prestige, and a secure base of operations.</p>",
        "category": "social",
        "cpCost": 5,
        "effects": {
          "property": true,
          "income": true
        }
      }
    },
    {
      "_id": "umquality018",
      "name": "Business",
      "type": "quality",
      "img": "icons/environment/settlement/shop-stone.webp",
      "system": {
        "description": "<p>The character owns or runs a business. The size and profitability varies with the point value (1-5). Provides regular income and potential resources.</p>",
        "category": "social",
        "cpCost": "1-5",
        "effects": {
          "businessSize": "variable",
          "income": true
        }
      }
    },
    {
      "_id": "umquality019",
      "name": "Veteran",
      "type": "quality",
      "img": "icons/skills/melee/weapons-crossed-swords-black-gray.webp",
      "system": {
        "description": "<p>The character served in the military (Deathwatch, Royal Navy, etc.). This provides combat experience, military contacts, and respect from fellow veterans.</p>",
        "category": "social",
        "cpCost": 2,
        "effects": {
          "militaryService": true,
          "contacts": "military"
        }
      }
    },
    {
      "_id": "umquality020",
      "name": "Murder of Crows",
      "type": "quality",
      "img": "icons/creatures/birds/corvid-call-black.webp",
      "system": {
        "description": "<p>The character commands a murder of trained crows that serve as eyes and ears. These birds can be sent to scout areas, deliver small messages, or create distractions.</p>",
        "category": "social",
        "cpCost": 3,
        "effects": {
          "scouts": true,
          "messengers": true
        }
      }
    },
    {
      "_id": "umquality021",
      "name": "Reputation - Street",
      "type": "quality",
      "img": "icons/skills/social/intimidation-imppress.webp",
      "system": {
        "description": "<p>The character has a fearsome reputation in the criminal underworld. They gain +2 to Intimidation rolls against criminals and lowlifes who know of them.</p>",
        "category": "social",
        "cpCost": 2,
        "effects": {
          "intimidationBonus": 2,
          "context": "criminal underworld"
        }
      }
    },
    {
      "_id": "umquality022",
      "name": "Safe House",
      "type": "quality",
      "img": "icons/environment/settlement/house-cave-dark.webp",
      "system": {
        "description": "<p>The character has access to a hidden safe house - a secure location known only to them and trusted allies. Useful for laying low, storing equipment, or conducting sensitive business.</p>",
        "category": "social",
        "cpCost": 2,
        "effects": {
          "hiddenLocation": true,
          "security": true
        }
      }
    },
    {
      "_id": "umquality023",
      "name": "Noctuary Membership",
      "type": "quality",
      "img": "icons/magic/death/undead-vampire-skull-red.webp",
      "system": {
        "description": "<p>The character is a member of the Noctuary, the premiere Neo-Victorian secret society dedicated to hunting vampires. Provides access to specialized knowledge, equipment, and fellow hunters.</p>",
        "category": "social",
        "cpCost": 3,
        "effects": {
          "organization": "Noctuary",
          "vampireHunterAccess": true
        }
      }
    },
    {
      "_id": "umquality024",
      "name": "Psi-Null",
      "type": "quality",
      "img": "icons/magic/defensive/shield-barrier-blue.webp",
      "system": {
        "description": "<p>The character's mind is naturally resistant to psychic intrusion. They gain +4 to resist telepathic reading, mental control, or other psychic abilities.</p>",
        "category": "supernatural",
        "cpCost": 4,
        "effects": {
          "psychicResistance": 4
        }
      }
    },
    {
      "_id": "umquality025",
      "name": "Sensitive",
      "type": "quality",
      "img": "icons/magic/perception/silhouette-stealth-shadow.webp",
      "system": {
        "description": "<p>The character is sensitive to supernatural phenomena. They can sense the presence of ghosts, vampires, and other supernatural entities, though not identify them specifically.</p>",
        "category": "supernatural",
        "cpCost": 4,
        "effects": {
          "supernaturalSense": true
        }
      }
    },
    {
      "_id": "umquality026",
      "name": "Spirit Touched",
      "type": "quality",
      "img": "icons/magic/air/fog-gas-smoke-swirling-blue.webp",
      "system": {
        "description": "<p>The character has been touched by the spirit world. They can perceive ghosts and spectral phenomena with their naked eye and may communicate with spirits.</p>",
        "category": "supernatural",
        "cpCost": 6,
        "effects": {
          "ghostSight": true,
          "spiritCommunication": true
        }
      }
    },
    {
      "_id": "umquality027",
      "name": "Dream Recall",
      "type": "quality",
      "img": "icons/magic/perception/eye-ringed-glow-purple.webp",
      "system": {
        "description": "<p>The character has complete recall of their dreams. They automatically remember all details of any dream, including prophetic visions or psychic contacts. Invaluable for precogs and mediums.</p>",
        "category": "mental",
        "cpCost": 2,
        "effects": {
          "dreamMemory": true
        }
      }
    },
    {
      "_id": "umquality028",
      "name": "Emotionally Dead",
      "type": "quality",
      "img": "icons/magic/death/skull-humanoid-white-blue.webp",
      "system": {
        "description": "<p>The character has great trouble expressing emotion. Something inside him is missing. He can reroll failed Will – Fear rolls and gains +2 on contested Will rolls to resist Empathy powers. An empath with this Quality does not suffer empathic backlash.</p>",
        "category": "mental",
        "cpCost": 2,
        "effects": {
          "fearReroll": true,
          "empathyResist": 2
        }
      }
    },
    {
      "_id": "umquality029",
      "name": "Cipher",
      "type": "quality",
      "img": "icons/skills/trades/academics-book-study-purple.webp",
      "system": {
        "description": "<p>The character is a supernormal cipher. While reading the thoughts of another, their mind automatically translates the Subject's thoughts, circumventing any language barrier. Requires Telepathy.</p>",
        "category": "supernatural",
        "cpCost": 3,
        "requirements": "Telepathy 1+",
        "effects": {
          "telepathicTranslation": true
        }
      }
    },
    {
      "_id": "umquality030",
      "name": "Dream Sight",
      "type": "quality",
      "img": "icons/magic/perception/orb-eye-scrying.webp",
      "system": {
        "description": "<p>The psychic can use Extrasensory Perception powers that require a trance while sleeping. The Narrator can use this to give the character information about distant locations through dreams.</p>",
        "category": "supernatural",
        "cpCost": 4,
        "requirements": "Extrasensory Perception 1+",
        "effects": {
          "sleepingClairvoyance": true
        }
      }
    },
    {
      "_id": "umquality031",
      "name": "Infectious Personality",
      "type": "quality",
      "img": "icons/magic/control/silhouette-aura-energy-pink.webp",
      "system": {
        "description": "<p>The character's personality is naturally infectious. Those in their presence take on their affectations. When using an Empathy power, the character can reroll failed contested Will rolls.</p>",
        "category": "supernatural",
        "cpCost": 4,
        "requirements": "Empathy 1+",
        "effects": {
          "empathyReroll": true
        }
      }
    },
    {
      "_id": "umquality032",
      "name": "Living Furnace",
      "type": "quality",
      "img": "icons/magic/fire/flame-burning-hand-red.webp",
      "system": {
        "description": "<p>Though the psychic feels no discomfort, their flesh is always hot to the touch. They do not require coats or blankets for warmth except in near-freezing conditions.</p>",
        "category": "supernatural",
        "cpCost": 2,
        "requirements": "Pyrokinesis 1+",
        "effects": {
          "heatImmunity": true
        }
      }
    },
    {
      "_id": "umquality033",
      "name": "Faith",
      "type": "quality",
      "img": "icons/magic/holy/prayer-hands-glowing-yellow.webp",
      "system": {
        "description": "<p>The character possesses genuine religious faith. This is essential for exorcists, as their powers derive from belief. Gain +1 to Will when resisting supernatural fear or corruption.</p>",
        "category": "mental",
        "cpCost": 2,
        "effects": {
          "faithBonus": 1,
          "context": "resist supernatural fear and corruption"
        }
      }
    },
    {
      "_id": "umquality034",
      "name": "Church of England Clergy",
      "type": "quality",
      "img": "icons/commodities/treasure/cross-cruciform-gold.webp",
      "system": {
        "description": "<p>The character is an ordained priest of the Church of England. As a member of the clergy, they have responsibilities but also access to church resources, respect from society, and ecclesiastical authority.</p>",
        "category": "social",
        "cpCost": 2,
        "requirements": "Theology 3+",
        "effects": {
          "clergyStatus": true,
          "churchResources": true
        }
      }
    },
    {
      "_id": "umquality035",
      "name": "Psi Branch Investigator",
      "type": "quality",
      "img": "icons/sundries/documents/document-sealed-blue-white.webp",
      "system": {
        "description": "<p>The character is an investigator in the employ of Psychic Branch. They can question and detain witnesses, arrest criminals, and call upon police backup. Abuse of privileges results in discipline.</p>",
        "category": "social",
        "cpCost": 5,
        "requirements": "Extrasensory Perception, Prescience, or Telepathy; Forensic Science 2, Law 2, Streetwise 2",
        "effects": {
          "policeAuthority": true,
          "psychicBranch": true
        }
      }
    },
    {
      "_id": "umquality036",
      "name": "Secret Government Agent",
      "type": "quality",
      "img": "icons/sundries/documents/document-sealed-black-red.webp",
      "system": {
        "description": "<p>The character is an intelligencer—a secret agent in the employ of a government. They have a cover identity, a handler, and access to safe houses. May be called upon for covert missions.</p>",
        "category": "social",
        "cpCost": 5,
        "effects": {
          "coverIdentity": true,
          "safeHouseAccess": true,
          "handler": true
        }
      }
    },
    {
      "_id": "umquality037",
      "name": "Secret Occult Society Membership",
      "type": "quality",
      "img": "icons/sundries/documents/document-symbol-rune-tan.webp",
      "system": {
        "description": "<p>The character is a member of a secret occult organization dedicated to arcane knowledge, ritual practice, or supernatural study. Provides access to esoteric resources and fellow members.</p>",
        "category": "social",
        "cpCost": 2,
        "requirements": "Parapsychology 2+",
        "effects": {
          "occultResources": true,
          "secretSociety": true
        }
      }
    },
    {
      "_id": "umquality038",
      "name": "Living Furnace",
      "type": "quality",
      "img": "icons/magic/fire/flame-burning-hand-red.webp",
      "system": {
        "description": "<p>Though the psychic feels no discomfort, their flesh is always hot to the touch. Anyone coming in contact with their skin will assume they have a serious fever. The character does not require coats or blankets for warmth except in near-freezing conditions. Anyone sharing a bed with them will find the heat uncomfortable.</p>",
        "category": "physical",
        "cpCost": 2,
        "requirements": "Pyrokinesis 1+",
        "effects": {
          "heatImmunity": "cold conditions",
          "bodyHeat": true
        }
      }
    },
    {
      "_id": "umquality039",
      "name": "Dream Recall",
      "type": "quality",
      "img": "icons/magic/perception/third-eye-blue-red.webp",
      "system": {
        "description": "<p>The character has complete recall of their dreams. They automatically pass Will rolls to remember their dreams. This is particularly useful for psychics whose powers manifest in dream states.</p>",
        "category": "mental",
        "cpCost": 2,
        "effects": {
          "dreamMemory": "automatic",
          "willBonus": "dream recall"
        }
      }
    },
    {
      "_id": "umquality040",
      "name": "Emotionally Dead",
      "type": "quality",
      "img": "icons/magic/death/skull-humanoid-white.webp",
      "system": {
        "description": "<p>The character has great trouble expressing emotion. Something inside is missing. Even closest friends regard them as a loveless stone. They can reroll failed Will – Fear rolls (each roll may be rerolled only once). Gains +2 on contested Will rolls to resist Empathy powers. An empath with this Quality does not suffer empathic backlash.</p>",
        "category": "mental",
        "cpCost": 2,
        "effects": {
          "fearReroll": true,
          "empathyResistance": 2,
          "noEmpathicBacklash": true
        }
      }
    },
    {
      "_id": "umquality041",
      "name": "Order of Reason Membership",
      "type": "quality",
      "img": "icons/sundries/documents/document-sealed-signatures-red.webp",
      "system": {
        "description": "<p>The character is a member of the Order of Reason, a secret society of scientists, inventors, and rationalists who seek to understand the supernatural through empirical study. Members have access to cutting-edge research, prototype equipment, and a network of like-minded individuals.</p>",
        "category": "social",
        "cpCost": 3,
        "requirements": "Science skill 3+ or Parapsychology 3+",
        "effects": {
          "researchAccess": true,
          "prototypeEquipment": true,
          "orderMembership": true
        }
      }
    },
    {
      "_id": "umquality042",
      "name": "Time Sense",
      "type": "quality",
      "img": "icons/magic/time/clock-stopwatch-white-blue.webp",
      "system": {
        "description": "<p>The character has an innate sense of time. They always know approximately what time it is and can accurately estimate durations without a watch. They can wake at a predetermined time without an alarm.</p>",
        "category": "mental",
        "cpCost": 1,
        "effects": {
          "timeAwareness": true,
          "durationEstimate": true
        }
      }
    }
  ]
}