{
  "metadata": {
    "id": "templates",
    "label": "templates",
    "type": "world",
    "package": "RNK",
    "path": "packs/templates.db",
    "name": "templates"
  },
  "entries": [
    {
      "name": "Anarchist",
      "type": "npc",
      "img": "icons/sundries/documents/paper-torn-red.webp",
      "system": {
        "description": "<p><em>Nameless Masses Template</em></p><p>Anarchists are dangerous renegades who desire nothing more than to bring down the state from within. Believing that there are no innocents, assassinations and bombings are the favoured tools of these terrorists. Anarchists tend to either be dangerous lone wolves or operate in small, independent cells.</p>",
        "attributes": {
          "vitality": {
            "value": 3
          },
          "coordination": {
            "value": 3
          },
          "wit": {
            "value": 3
          },
          "intellect": {
            "value": 3
          },
          "will": {
            "value": 3
          },
          "charm": {
            "value": 2
          }
        },
        "derivedStats": {
          "prowess": {
            "value": 6,
            "base": 6
          },
          "actions": {
            "value": 2
          }
        },
        "creatureType": "human",
        "features": [],
        "skills": "Cryptography 2, History 2, Law 1, Psychology 1, Demolitions 3, Disguise 2, Language 5 (English), Melee Weapon 3, Pistol 3, Rifle 2, Unarmed Combat 3, Escapology 2, Shadow 2, Streetwise 2",
        "notes": "Likely Qualities: Criminal Associations, Nondescript, Criminal Record, Wanted. Corruption: Drive 2 (Consumed). Wealth: 4. Equipment: Hold-out revolver (damage +3), explosive device, shabby clothes, heavy scarf, manifesto."
      }
    },
    {
      "name": "Apothecary",
      "type": "npc",
      "img": "icons/consumables/potions/bottle-round-corked-labeled-green.webp",
      "system": {
        "description": "<p><em>Nameless Masses Template</em></p><p>This amateur alchemist either owns a small shop or peddles his goods on the street. Generally, these individuals lack any true medical credentials, possessing only slightly more medical knowledge than the average denizen. Most are little better than hucksters, taking advantage of the desperate and gullible.</p>",
        "attributes": {
          "vitality": {
            "value": 2
          },
          "coordination": {
            "value": 3
          },
          "wit": {
            "value": 3
          },
          "intellect": {
            "value": 3
          },
          "will": {
            "value": 2
          },
          "charm": {
            "value": 2
          }
        },
        "derivedStats": {
          "prowess": {
            "value": 6,
            "base": 6
          },
          "actions": {
            "value": 2
          }
        },
        "creatureType": "human",
        "features": [],
        "skills": "Alchemy 2, Medicine 1, Language 5 (English), Trade 2, Melee Weapon 2, Pistol 2, Unarmed Combat 2, Streetwise 2",
        "notes": "Likely Qualities: Business (3), Criminal Associations, Criminal Record. Corruption: Desire 1 (Addiction). Wealth: 4. Equipment: Hold-out revolver (damage +3), respirator, assorted drugs, poisons, liquors, coloured water, and alchemical solutions, makeshift lab."
      }
    },
    {
      "name": "Beggar",
      "type": "npc",
      "img": "icons/environment/people/beggar.webp",
      "system": {
        "description": "<p><em>Nameless Masses Template</em></p><p>From young urchins to ancient crawlers too forlorn to form words, the streets are full of beggars. Beggars sometimes have worthwhile information but most often are a nuisance. Police and criminals alike make use of the city's derelicts as lookouts and couriers, relying on their anonymity.</p>",
        "attributes": {
          "vitality": {
            "value": 2
          },
          "coordination": {
            "value": 2
          },
          "wit": {
            "value": 2
          },
          "intellect": {
            "value": 2
          },
          "will": {
            "value": 1
          },
          "charm": {
            "value": 2
          }
        },
        "derivedStats": {
          "prowess": {
            "value": 4,
            "base": 4
          },
          "actions": {
            "value": 1
          }
        },
        "creatureType": "human",
        "features": [],
        "skills": "Gambling 1, Language 5 (English), 2 (Rhyming Slang or Thieves' Cant), Trade 1, Unarmed Combat 1, Pickpocket 1, Shadow 1, Streetwise 2",
        "notes": "Likely Qualities: Believed Dead, Nondescript. Likely Impediments: Criminal Record, Debt, Immigrant, Nomad, Secret, any Physical Impediment, Amnesia, Cowardice, Dim, Illiterate, Melancholy, Superstition, any Mental Disorder. Corruption: Any at 1. Wealth: 0. Equipment: Combat knife, rags, a few pence."
      }
    },
    {
      "name": "Cab Driver",
      "type": "npc",
      "img": "icons/commodities/leather/leather-strap-brown.webp",
      "system": {
        "description": "<p><em>Nameless Masses Template</em></p><p>There are over ten thousand cab drivers servicing London's streets. These individuals need to be knowledgeable, courteous, hardworking, and wary. During a cab driver's long hours crossing the metropolis daily, he may be subject to armed robbery or animate attack. Most keep at least one firearm on their person at all times.</p>",
        "attributes": {
          "vitality": {
            "value": 3
          },
          "coordination": {
            "value": 3
          },
          "wit": {
            "value": 3
          },
          "intellect": {
            "value": 2
          },
          "will": {
            "value": 2
          },
          "charm": {
            "value": 2
          }
        },
        "derivedStats": {
          "prowess": {
            "value": 6,
            "base": 6
          },
          "actions": {
            "value": 2
          }
        },
        "creatureType": "human",
        "features": [],
        "skills": "Drive Carriage 4, Etiquette 1, Language 5 (English), 2 (Rhyming Slang or Thieves' Cant), Melee Weapon 2, Pistol 2, Rifle 2, Unarmed Combat 2, Streetwise 2",
        "notes": "Likely Qualities: Animal Empathy, Criminal Associations, Nondescript. Likely Impediments: Debt, any Physical Impediment. Corruption: Any at 1. Wealth: 3-4. Equipment: Magwitch Gravedigger (damage +9) or revolver (damage +5), respirator, horses and hansom, equestrian gas masks."
      }
    },
    {
      "name": "Criminal, Fence",
      "type": "npc",
      "img": "icons/commodities/currency/coins-assorted-mix-copper.webp",
      "system": {
        "description": "<p><em>Nameless Masses Template</em></p><p>Fences are criminals who buy stolen goods from thieves for the purpose of resale. They operate out of small shops, warehouses, flash houses, or anywhere else that draws little attention. Once a thief sells goods to the fence, the fence moves them back into circulation through his contacts on the street.</p>",
        "attributes": {
          "vitality": {
            "value": 2
          },
          "coordination": {
            "value": 3
          },
          "wit": {
            "value": 3
          },
          "intellect": {
            "value": 3
          },
          "will": {
            "value": 3
          },
          "charm": {
            "value": 3
          }
        },
        "derivedStats": {
          "prowess": {
            "value": 6,
            "base": 6
          },
          "actions": {
            "value": 2
          }
        },
        "creatureType": "human",
        "features": [],
        "skills": "Appraise 3, Gambling 2, Language 5 (English), 4 (Rhyming Slang or Thieves' Cant), Trade 2, Melee Weapon 3, Pistol 2, Unarmed Combat 2, Escapology 2, Forgery 1, Streetwise 4",
        "notes": "Likely Qualities: Business, Criminal Associations. Likely Impediments: Criminal Record, Debt, Secret. Corruption: Desire 1 (Greed). Wealth: 5. Equipment: Revolver (damage +5), concealed knife (damage +1), shop or warehouse, network of contacts."
      }
    },
    {
      "name": "Criminal, Thug",
      "type": "npc",
      "img": "icons/skills/melee/strike-fist-brass-knuckles.webp",
      "system": {
        "description": "<p><em>Nameless Masses Template</em></p><p>Thugs are criminals who use violence and intimidation to achieve their ends. They work as hired muscle for criminal organizations, extorting protection money, collecting debts, and eliminating rivals. The more brutal among them enjoy their work.</p>",
        "attributes": {
          "vitality": {
            "value": 4
          },
          "coordination": {
            "value": 3
          },
          "wit": {
            "value": 2
          },
          "intellect": {
            "value": 2
          },
          "will": {
            "value": 2
          },
          "charm": {
            "value": 1
          }
        },
        "derivedStats": {
          "prowess": {
            "value": 5,
            "base": 5
          },
          "actions": {
            "value": 2
          }
        },
        "creatureType": "human",
        "features": [],
        "skills": "Language 5 (English), 2 (Thieves' Cant), Melee Weapon 3, Pistol 2, Unarmed Combat 4, Torture 2, Shadow 2, Streetwise 2",
        "notes": "Likely Qualities: Criminal Associations. Likely Impediments: Criminal Record, Notoriety, Ugly. Corruption: Drive 1 (Violent). Wealth: 3. Equipment: Brass knuckles (damage +1), club or knife, revolver (damage +5), heavy boots."
      }
    },
    {
      "name": "Deathwatch Soldier",
      "type": "npc",
      "img": "icons/equipment/shield/heater-steel-sword-black-gold.webp",
      "system": {
        "description": "<p><em>Nameless Masses Template</em></p><p>The Deathwatch are the military force charged with defending the metropolis from the animate threat. These soldiers man the walls, patrol the streets, and venture into the Wastelands to destroy animate hordes. They are trained to face the undead without fear.</p>",
        "attributes": {
          "vitality": {
            "value": 3
          },
          "coordination": {
            "value": 3
          },
          "wit": {
            "value": 3
          },
          "intellect": {
            "value": 2
          },
          "will": {
            "value": 3
          },
          "charm": {
            "value": 2
          }
        },
        "derivedStats": {
          "prowess": {
            "value": 6,
            "base": 6
          },
          "actions": {
            "value": 2
          }
        },
        "creatureType": "human",
        "features": [
          "Familiarity: Animate"
        ],
        "skills": "Language 5 (English), Melee Weapon 3, Pistol 3, Rifle 4, Unarmed Combat 3, Tracking 2, Shadow 2, Streetwise 1",
        "notes": "Likely Qualities: Military Rank. Corruption: Drive 1. Wealth: 3. Equipment: Deathwatch uniform (1 point to torso), military rifle (damage +8), bayonet (damage +1), revolver (damage +5), respirator."
      }
    },
    {
      "name": "Factory Worker",
      "type": "npc",
      "img": "icons/tools/smithing/wrench-socket-steel.webp",
      "system": {
        "description": "<p><em>Nameless Masses Template</em></p><p>Factory workers are the backbone of Neo-Victorian industry. They work long hours in dangerous conditions for meager wages. Many have been maimed by machinery or suffer from respiratory ailments caused by industrial pollution.</p>",
        "attributes": {
          "vitality": {
            "value": 3
          },
          "coordination": {
            "value": 3
          },
          "wit": {
            "value": 2
          },
          "intellect": {
            "value": 2
          },
          "will": {
            "value": 2
          },
          "charm": {
            "value": 2
          }
        },
        "derivedStats": {
          "prowess": {
            "value": 5,
            "base": 5
          },
          "actions": {
            "value": 2
          }
        },
        "creatureType": "human",
        "features": [],
        "skills": "Language 5 (English), Trade 3 (varies by factory), Unarmed Combat 2, Streetwise 1",
        "notes": "Likely Qualities: None. Likely Impediments: Debt, Poor, any Physical Impediment (missing limb, respiratory problems). Corruption: Desire 1 or Drive 1. Wealth: 2. Equipment: Work clothes, tools of trade, a few shillings."
      }
    },
    {
      "name": "Gentleman/Lady",
      "type": "npc",
      "img": "icons/sundries/documents/document-official-capital.webp",
      "system": {
        "description": "<p><em>Nameless Masses Template</em></p><p>Members of the upper classes who have not taken up a profession. They spend their time at social functions, managing estates, or pursuing hobbies. Their primary concerns are maintaining their position in society and avoiding scandal.</p>",
        "attributes": {
          "vitality": {
            "value": 2
          },
          "coordination": {
            "value": 2
          },
          "wit": {
            "value": 3
          },
          "intellect": {
            "value": 3
          },
          "will": {
            "value": 2
          },
          "charm": {
            "value": 4
          }
        },
        "derivedStats": {
          "prowess": {
            "value": 5,
            "base": 5
          },
          "actions": {
            "value": 2
          }
        },
        "creatureType": "human",
        "features": [],
        "skills": "Etiquette 4, Language 5 (English), 3 (French), 2 (Latin), Melee Weapon 2, Unarmed Combat 1, Ride 2",
        "notes": "Likely Qualities: Credentials, Connections, Upper Class. Likely Impediments: Sheltered, Debt. Corruption: Desire 1. Wealth: 5-7. Equipment: Fine clothes, walking stick or parasol, calling cards, pocket watch, a few pounds."
      }
    },
    {
      "name": "Metropolitan Police Constable",
      "type": "npc",
      "img": "icons/equipment/hand/gauntlet-armored-brown-gold.webp",
      "system": {
        "description": "<p><em>Nameless Masses Template</em></p><p>The Metropolitan Police maintain order in London. Constables patrol the streets, respond to crimes, and make arrests. They are known for their distinctive blue uniforms and tall helmets. Most are honest men doing a difficult job, though some have been corrupted.</p>",
        "attributes": {
          "vitality": {
            "value": 3
          },
          "coordination": {
            "value": 3
          },
          "wit": {
            "value": 3
          },
          "intellect": {
            "value": 2
          },
          "will": {
            "value": 3
          },
          "charm": {
            "value": 2
          }
        },
        "derivedStats": {
          "prowess": {
            "value": 6,
            "base": 6
          },
          "actions": {
            "value": 2
          }
        },
        "creatureType": "human",
        "features": [],
        "skills": "Law 2, Language 5 (English), Melee Weapon 3, Pistol 2, Unarmed Combat 3, Shadow 2, Streetwise 3",
        "notes": "Likely Qualities: Credentials, Nondescript. Corruption: Drive 1. Wealth: 3. Equipment: Police uniform, truncheon (damage +1), whistle, handcuffs, bull's-eye lantern, revolver (damage +5, issued for serious incidents)."
      }
    },
    {
      "name": "Metropolitan Police Detective",
      "type": "npc",
      "img": "icons/sundries/documents/document-letter-tan.webp",
      "system": {
        "description": "<p><em>Nameless Masses Template</em></p><p>Detectives of the Criminal Investigation Department (CID) handle serious crimes including murder, organized crime, and political offenses. They wear plain clothes and are known for their deductive skills and network of informants.</p>",
        "attributes": {
          "vitality": {
            "value": 3
          },
          "coordination": {
            "value": 3
          },
          "wit": {
            "value": 4
          },
          "intellect": {
            "value": 4
          },
          "will": {
            "value": 3
          },
          "charm": {
            "value": 3
          }
        },
        "derivedStats": {
          "prowess": {
            "value": 7,
            "base": 7
          },
          "actions": {
            "value": 2
          }
        },
        "creatureType": "human",
        "features": [],
        "skills": "Forensic Science 2, Law 3, Psychology 2, Language 5 (English), 3 (Thieves' Cant), Melee Weapon 2, Pistol 3, Unarmed Combat 3, Shadow 3, Streetwise 4",
        "notes": "Likely Qualities: Credentials, Connections. Corruption: Any at 1. Wealth: 4. Equipment: Plain clothes, revolver (damage +5), handcuffs, notepad and pencil, network of informants."
      }
    },
    {
      "name": "Prostitute",
      "type": "npc",
      "img": "icons/sundries/misc/ribbon-pink.webp",
      "system": {
        "description": "<p><em>Nameless Masses Template</em></p><p>The world's oldest profession thrives in Neo-Victorian London. Prostitutes range from streetwalkers in the East End to high-class courtesans who service the aristocracy. Many have valuable information about their clients' activities and secrets.</p>",
        "attributes": {
          "vitality": {
            "value": 2
          },
          "coordination": {
            "value": 3
          },
          "wit": {
            "value": 3
          },
          "intellect": {
            "value": 2
          },
          "will": {
            "value": 2
          },
          "charm": {
            "value": 4
          }
        },
        "derivedStats": {
          "prowess": {
            "value": 6,
            "base": 6
          },
          "actions": {
            "value": 2
          }
        },
        "creatureType": "human",
        "features": [],
        "skills": "Acting 2, Language 5 (English), 2 (Thieves' Cant), Unarmed Combat 1, Pickpocket 2, Shadow 2, Streetwise 3",
        "notes": "Likely Qualities: Connections, Patron. Likely Impediments: Criminal Record, Debt, Disease, Poor, Secret. Corruption: Desire 1-2. Wealth: 1-3 (varies greatly). Equipment: Dress, small knife, a few shillings, secrets."
      }
    },
    {
      "name": "Resurrectionist",
      "type": "npc",
      "img": "icons/tools/laboratory/vials-blue-pink.webp",
      "system": {
        "description": "<p><em>Nameless Masses Template</em></p><p>Resurrectionists are body snatchers who steal corpses from graves and morgues to sell to medical schools and private researchers. Though illegal, the trade continues because the demand for cadavers far exceeds the legal supply.</p>",
        "attributes": {
          "vitality": {
            "value": 3
          },
          "coordination": {
            "value": 3
          },
          "wit": {
            "value": 3
          },
          "intellect": {
            "value": 2
          },
          "will": {
            "value": 2
          },
          "charm": {
            "value": 2
          }
        },
        "derivedStats": {
          "prowess": {
            "value": 6,
            "base": 6
          },
          "actions": {
            "value": 2
          }
        },
        "creatureType": "human",
        "features": [],
        "skills": "Medicine 1 (Anatomy), Language 5 (English), 3 (Thieves' Cant), Melee Weapon 2, Pistol 2, Unarmed Combat 2, Lock Picking 3, Shadow 3, Streetwise 3",
        "notes": "Likely Qualities: Criminal Associations. Likely Impediments: Criminal Record, Notoriety, Secret. Corruption: Desire 1 or Drive 1. Wealth: 3-4. Equipment: Shovels, crowbar, sacks, cart, lantern, revolver (damage +5)."
      }
    },
    {
      "name": "Servant",
      "type": "npc",
      "img": "icons/sundries/documents/document-sealed-signatures-brown.webp",
      "system": {
        "description": "<p><em>Nameless Masses Template</em></p><p>Servants staff the households of the upper classes, performing domestic duties from cooking and cleaning to serving as valets and ladies' maids. They often know their employers' secrets and can be valuable sources of information.</p>",
        "attributes": {
          "vitality": {
            "value": 2
          },
          "coordination": {
            "value": 3
          },
          "wit": {
            "value": 3
          },
          "intellect": {
            "value": 2
          },
          "will": {
            "value": 2
          },
          "charm": {
            "value": 3
          }
        },
        "derivedStats": {
          "prowess": {
            "value": 6,
            "base": 6
          },
          "actions": {
            "value": 2
          }
        },
        "creatureType": "human",
        "features": [],
        "skills": "Etiquette 2, Language 5 (English), Trade 3 (Domestic Service), Unarmed Combat 1, Shadow 2, Streetwise 1",
        "notes": "Likely Qualities: Nondescript. Likely Impediments: Poor, Secret. Corruption: Any at 1. Wealth: 2. Equipment: Servant's livery, knowledge of employer's household and secrets."
      }
    },
    {
      "name": "Street Urchin",
      "type": "npc",
      "img": "icons/environment/people/cloak-tan.webp",
      "system": {
        "description": "<p><em>Nameless Masses Template</em></p><p>Street children who survive by begging, pickpocketing, and running errands. They know the streets better than anyone and can be hired as guides, lookouts, or messengers. Many grow up to become criminals.</p>",
        "attributes": {
          "vitality": {
            "value": 2
          },
          "coordination": {
            "value": 4
          },
          "wit": {
            "value": 3
          },
          "intellect": {
            "value": 2
          },
          "will": {
            "value": 2
          },
          "charm": {
            "value": 2
          }
        },
        "derivedStats": {
          "prowess": {
            "value": 6,
            "base": 6
          },
          "actions": {
            "value": 2
          }
        },
        "creatureType": "human",
        "features": [],
        "skills": "Acrobatics 2, Language 5 (English), 2 (Thieves' Cant), Unarmed Combat 2, Pickpocket 3, Shadow 3, Streetwise 3",
        "notes": "Likely Qualities: Nondescript. Likely Impediments: Dim, Illiterate, Poor. Corruption: Any at 1. Wealth: 0-1. Equipment: Rags, a small knife, a few pence, knowledge of the streets."
      }
    },
    {
      "name": "Police Sergeant",
      "type": "npc",
      "img": "icons/equipment/hand/gauntlet-leather-worn-brown.webp",
      "system": {
        "description": "<p><em>Nameless Masses Template</em></p><p>Each sergeant oversees thirty-six constables organized into four groups. They assign beats, inspect constables on patrol, and handle day-to-day police operations. Veterans with years of street experience.</p>",
        "attributes": {
          "vitality": {
            "value": 4
          },
          "coordination": {
            "value": 3
          },
          "wit": {
            "value": 3
          },
          "intellect": {
            "value": 3
          },
          "will": {
            "value": 3
          },
          "charm": {
            "value": 2
          }
        },
        "derivedStats": {
          "prowess": {
            "value": 6,
            "base": 6
          },
          "actions": {
            "value": 2
          }
        },
        "creatureType": "human",
        "features": [],
        "skills": "Forensic Science 1, Law 2, Concentration 2, Etiquette 1, Language 5 (English), 1 (Rhyming Slang or Thieves' Cant), Ride 2, Trade 2, Melee Weapon 3, Pistol 3, Rifle 3, Unarmed Combat 3, Shadow 2, Streetwise 3",
        "notes": "Likely Qualities: Connections (2), Criminal Associations, Reputation – Street, Veteran. Corruption: Any at 2. Wealth: 5. Equipment: Leather armour, cutlass, truncheon, revolver, uniform, whistle, handcuffs."
      }
    },
    {
      "name": "Deathwatch Officer (Template)",
      "type": "npc",
      "img": "icons/equipment/head/helm-barbute-brown-tan.webp",
      "system": {
        "description": "<p><em>Nameless Masses Template</em></p><p>Officers of the Deathwatch oversee enlisted soldiers and coordinate defense operations. They are trained in galvanic weapons and tactics, leading fire teams against animate threats.</p>",
        "attributes": {
          "vitality": {
            "value": 4
          },
          "coordination": {
            "value": 3
          },
          "wit": {
            "value": 4
          },
          "intellect": {
            "value": 3
          },
          "will": {
            "value": 3
          },
          "charm": {
            "value": 2
          }
        },
        "derivedStats": {
          "prowess": {
            "value": 7,
            "base": 7
          },
          "actions": {
            "value": 2
          }
        },
        "creatureType": "human",
        "features": [],
        "skills": "Cryptography 2, Galvanics 1, History 2, Medicine 1, Concentration 4, Demolitions 2, Etiquette 2, Language 5 (English), Ride 2, Tracking 1, Artillery 2, Melee Weapon 3, Pistol 4, Rifle 4, Thrown Weapon 3, Unarmed Combat 3, Shadow 1",
        "notes": "Likely Qualities: Connections (4), Credentials, Resolve. Corruption: Desire 2 (Addiction) or Drive 2 (Consumed). Wealth: 6. Equipment: Deathwatch armour (3 points all), pistol, cutlass, knife, grenades. May have galvanic weapons."
      }
    },
    {
      "name": "Deathwatch Soldier (Template)",
      "type": "npc",
      "img": "icons/equipment/head/helm-barbute-leather-brown.webp",
      "system": {
        "description": "<p><em>Nameless Masses Template</em></p><p>The backbone of London's defense, Deathwatch soldiers patrol in fire teams and man the walls. They carry bolt-action rifles and semi-automatic pistols, trained to face the animate threat without fear.</p>",
        "attributes": {
          "vitality": {
            "value": 4
          },
          "coordination": {
            "value": 3
          },
          "wit": {
            "value": 3
          },
          "intellect": {
            "value": 2
          },
          "will": {
            "value": 2
          },
          "charm": {
            "value": 2
          }
        },
        "derivedStats": {
          "prowess": {
            "value": 6,
            "base": 6
          },
          "actions": {
            "value": 2
          }
        },
        "creatureType": "human",
        "features": [],
        "skills": "Concentration 2, Demolitions 3, Drive Carriage 2, Gambling 2, Language 5 (English), Tracking 2, Artillery 3, Melee Weapon 3, Pistol 4, Rifle 4, Thrown Weapon 3, Unarmed Combat 3, Shadow 2",
        "notes": "Likely Qualities: Able Bodied, Resolve. Corruption: Desire 1 (Addiction) or Drive 1 (Consumed). Wealth: 4. Equipment: Deathwatch armour (3 points all), rifle, pistol, knife, grenades."
      }
    },
    {
      "name": "Plagueman (Template)",
      "type": "npc",
      "img": "icons/sundries/survival/horsewhip-wood.webp",
      "system": {
        "description": "<p><em>Nameless Masses Template</em></p><p>Civil servants who collect the city's dead, always operating in pairs with horse-drawn plague carts. They deliver corpses to crematoria and are prepared for spontaneous animations.</p>",
        "attributes": {
          "vitality": {
            "value": 4
          },
          "coordination": {
            "value": 3
          },
          "wit": {
            "value": 2
          },
          "intellect": {
            "value": 2
          },
          "will": {
            "value": 3
          },
          "charm": {
            "value": 2
          }
        },
        "derivedStats": {
          "prowess": {
            "value": 5,
            "base": 5
          },
          "actions": {
            "value": 2
          }
        },
        "creatureType": "human",
        "features": [],
        "skills": "Law 1, Medicine 1, Thanatology 1, Drive Carriage 3, Language 5 (English), Melee Weapon 3, Pistol 3, Rifle 3, Unarmed Combat 3",
        "notes": "Likely Qualities: Veteran, Resolve. Corruption: Any at 1. Wealth: 5. Equipment: Heavy armour, cutlass or axe, flamethrower or shotgun, revolver, plague cart, corpses."
      }
    },
    {
      "name": "Resurrectionist (Template)",
      "type": "npc",
      "img": "icons/tools/laboratory/vials-blue-pink.webp",
      "system": {
        "description": "<p><em>Nameless Masses Template</em></p><p>Body snatchers who supply the illegal flesh markets and amateur reanimists. They gather corpses through various means: informants, raids on plague carts, bribes to plaguemen, or murder.</p>",
        "attributes": {
          "vitality": {
            "value": 4
          },
          "coordination": {
            "value": 3
          },
          "wit": {
            "value": 2
          },
          "intellect": {
            "value": 2
          },
          "will": {
            "value": 2
          },
          "charm": {
            "value": 2
          }
        },
        "derivedStats": {
          "prowess": {
            "value": 5,
            "base": 5
          },
          "actions": {
            "value": 2
          }
        },
        "creatureType": "human",
        "features": [],
        "skills": "Appraise 2 (Corpses), Drive Carriage 2, Gambling 2, Language 5 (English), 3 (Rhyming Slang or Thieves' Cant), Trade 2, Melee Weapon 2, Pistol 3, Rifle 3, Unarmed Combat 3, Lock Picking 2, Shadow 4, Streetwise 3",
        "notes": "Likely Qualities: Business (3), Connections (2), Criminal Associations, Murder of Crows. Likely Impediments: Criminal Record, Notoriety, Wanted, Necrophilia. Corruption: Any at 3. Wealth: 3+. Equipment: Armoured coat, revolver, shovel, crowbar, sacks, cart, fresh corpse."
      }
    },
    {
      "name": "Reanimist (Template)",
      "type": "npc",
      "img": "icons/tools/laboratory/apparatus-lightning.webp",
      "system": {
        "description": "<p><em>Nameless Masses Template</em></p><p>Renegade physicians and scientists who seek to restore life to the dead through alchemy or galvanic science. Despite prohibition, they pursue the secrets of reanimation.</p>",
        "attributes": {
          "vitality": {
            "value": 2
          },
          "coordination": {
            "value": 2
          },
          "wit": {
            "value": 4
          },
          "intellect": {
            "value": 4
          },
          "will": {
            "value": 3
          },
          "charm": {
            "value": 2
          }
        },
        "derivedStats": {
          "prowess": {
            "value": 6,
            "base": 6
          },
          "actions": {
            "value": 2
          }
        },
        "creatureType": "human",
        "features": [],
        "skills": "Alchemy 4, Medicine 3 or 4, Occult Lore 3, Thanatology 3, Galvanics 0-4, Concentration 2, Language 5 (English), 3 (Latin), Melee Weapon 2, Pistol 2, Unarmed Combat 2, Shadow 1, Streetwise 1",
        "notes": "Likely Qualities: Private Laboratory, Safe House, Trusted Servant. Likely Impediments: Debt, Notoriety, Secret, Wanted, Necrophilia, Paranoia. Corruption: Physical 3 or Drive 3. Wealth: 6+. Equipment: Rubber armour, revolvers, lab equipment, restraints, reagents, experiments."
      }
    },
    {
      "name": "Labourer (Template)",
      "type": "npc",
      "img": "icons/environment/people/commoner.webp",
      "system": {
        "description": "<p><em>Nameless Masses Template</em></p><p>Working-class folk found in slums and factories. They live short, miserable lives marked by poor conditions, disease, pollution, and poverty. Few live past forty.</p>",
        "attributes": {
          "vitality": {
            "value": 3
          },
          "coordination": {
            "value": 2
          },
          "wit": {
            "value": 2
          },
          "intellect": {
            "value": 2
          },
          "will": {
            "value": 2
          },
          "charm": {
            "value": 2
          }
        },
        "derivedStats": {
          "prowess": {
            "value": 4,
            "base": 4
          },
          "actions": {
            "value": 1
          }
        },
        "creatureType": "human",
        "features": [],
        "skills": "Gambling 2, Language 5 (English), 1 (Rhyming Slang or Thieves' Cant), Trade 3, Melee Weapon 1, Pistol 1, Unarmed Combat 3, Streetwise 1",
        "notes": "Likely Qualities: Nondescript, Strong Man, Able Bodied. Likely Impediments: Criminal Record, Debt, Immigrant, any Physical or Mental Impediment. Corruption: Desire 1 (Addiction or Anhedonia). Wealth: 2-3. Equipment: Work clothes, respirator, bottle of slap."
      }
    },
    {
      "name": "Lunatic Killer (Template)",
      "type": "npc",
      "img": "icons/skills/wounds/blood-drip-droplet-red.webp",
      "system": {
        "description": "<p><em>Nameless Masses Template</em></p><p>A madman driven to murder by poverty, overcrowding, and hopelessness. Stalks the streets nightly, describing an uncontrollable compulsion to kill.</p>",
        "attributes": {
          "vitality": {
            "value": 3
          },
          "coordination": {
            "value": 4
          },
          "wit": {
            "value": 3
          },
          "intellect": {
            "value": 2
          },
          "will": {
            "value": 1
          },
          "charm": {
            "value": 1
          }
        },
        "derivedStats": {
          "prowess": {
            "value": 7,
            "base": 7
          },
          "actions": {
            "value": 2
          }
        },
        "creatureType": "human",
        "features": [],
        "skills": "Medicine 1, Occult Lore 1, Theology 1, Disguise 2, Language 5 (English), Trade 2, Melee Weapon 4, Pistol 2, Unarmed Combat 4, Shadow 4, Streetwise 1",
        "notes": "Likely Qualities: Faith, Resolve. Likely Impediments: Notoriety, Wanted, at least one Mental Impediment or Disorder. Corruption: Desire 6 (Defiler). Wealth: 2. Equipment: Melee weapon or firearm, respirator."
      }
    },
    {
      "name": "Underground Dweller (Template)",
      "type": "npc",
      "img": "icons/environment/wilderness/cave-entrance-mountain.webp",
      "system": {
        "description": "<p><em>Nameless Masses Template</em></p><p>Those who live in the Underground beneath London—criminals on the run, the mad, the lost. A dark existence among ghoul tribes, animates, and feral vampires.</p>",
        "attributes": {
          "vitality": {
            "value": 2
          },
          "coordination": {
            "value": 3
          },
          "wit": {
            "value": 3
          },
          "intellect": {
            "value": 2
          },
          "will": {
            "value": 3
          },
          "charm": {
            "value": 2
          }
        },
        "derivedStats": {
          "prowess": {
            "value": 6,
            "base": 6
          },
          "actions": {
            "value": 2
          }
        },
        "creatureType": "human",
        "features": [],
        "skills": "Language 5 (English), 3 (Underground Sign Language), Trade 2, Melee Weapon 3, Pistol 1, Unarmed Combat 3, Shadow 3, Streetwise 3",
        "notes": "Likely Qualities: Believed Dead, Nondescript, Reputation – Underground. Likely Impediments: Wanted, Secret, Plague Kissed, Albinism, any Physical Impediment, any Mental Disorder. Corruption: Physical 2. Wealth: 0. Equipment: Knife or improvised weapon, matches, rags."
      }
    },
    {
      "name": "Criminal (Rick Sayle)",
      "type": "npc",
      "img": "icons/skills/trades/security-locksmith-key-gray.webp",
      "system": {
        "description": "<p><em>Adventure Pregenerated Character</em></p><p>Rick Sayle has spent his life in the underworld of Neo-Victorian London. A skilled cracksman and thief, he operates with precision and cunning. He's been involved in enough heists to know when a job is too dangerous—and when the payout is worth the risk.</p><p>Stunts: Flash Thief, Phantom, Screwsman, Tooler</p>",
        "attributes": {
          "vitality": {
            "value": 3
          },
          "coordination": {
            "value": 4
          },
          "wit": {
            "value": 3
          },
          "intellect": {
            "value": 2
          },
          "will": {
            "value": 2
          },
          "charm": {
            "value": 3
          }
        },
        "derivedStats": {
          "prowess": {
            "value": 6,
            "base": 6
          },
          "actions": {
            "value": 2
          }
        },
        "creatureType": "human",
        "features": [
          "Flash Thief",
          "Phantom",
          "Screwsman",
          "Tooler"
        ],
        "skills": "Appraise 2, Language 5 (English), 4 (Thieves' Cant), Forgery 1, Acrobatics 2, Melee Weapon 3, Pistol 3, Unarmed Combat 3, Escapology 2, Lock Picking 4, Pick Pocket 2, Shadow 3, Streetwise 3",
        "notes": "Criminal Calling. Qualities: Criminal Associations. Wealth: 5. Equipment: Heavy revolver (+6 damage), combat knife (+1), lockpicks, grappling hook, 50ft rope, lantern, respirator, £10 cash."
      }
    },
    {
      "name": "Deathwatch Soldier (Serjeant Harbottle)",
      "type": "npc",
      "img": "icons/equipment/shield/heater-steel-cross-white-blue.webp",
      "system": {
        "description": "<p><em>Adventure Pregenerated Character</em></p><p>Serjeant Harbottle is a grizzled veteran of the Deathwatch who has spent over a decade fighting animates on the walls of London. Promoted to sergeant for his bravery and survival instincts, he leads his squad with quiet competence.</p><p>Stunts: Bullet to Brain, Hold Off, Keen Eyed, Wrench Free</p>",
        "attributes": {
          "vitality": {
            "value": 4
          },
          "coordination": {
            "value": 3
          },
          "wit": {
            "value": 3
          },
          "intellect": {
            "value": 2
          },
          "will": {
            "value": 3
          },
          "charm": {
            "value": 2
          }
        },
        "derivedStats": {
          "prowess": {
            "value": 6,
            "base": 6
          },
          "actions": {
            "value": 2
          }
        },
        "creatureType": "human",
        "features": [
          "Familiarity: Animate",
          "Bullet to Brain",
          "Hold Off",
          "Keen Eyed",
          "Wrench Free"
        ],
        "skills": "First Aid 2, Language 5 (English), Concentration 1, Melee Weapon 4, Pistol 4, Rifle 4, Unarmed Combat 4, Tracking 2, Shadow 2",
        "notes": "Deathwatch Soldier Calling. Qualities: Military Rank (Sergeant). Wealth: 4. Equipment: Military rifle (+8 damage), revolver (+5), bayonet (+1), trench knife (+2), Deathwatch uniform (1 armor to torso), respirator."
      }
    },
    {
      "name": "Doctor (Dr. Pilkington)",
      "type": "npc",
      "img": "icons/containers/bags/satchel-leather-brown.webp",
      "system": {
        "description": "<p><em>Adventure Pregenerated Character</em></p><p>Dr. Pilkington is a skilled physician who has seen the worst that Neo-Victorian London has to offer. Working among the poor and desperate, he has developed a pragmatic approach to medicine that prioritizes results over ethics when necessary.</p><p>Stunts: Black Bag (Chloroform, Derringer, 5 doses Morphine, Respirator)</p>",
        "attributes": {
          "vitality": {
            "value": 2
          },
          "coordination": {
            "value": 3
          },
          "wit": {
            "value": 3
          },
          "intellect": {
            "value": 4
          },
          "will": {
            "value": 3
          },
          "charm": {
            "value": 2
          }
        },
        "derivedStats": {
          "prowess": {
            "value": 6,
            "base": 6
          },
          "actions": {
            "value": 2
          }
        },
        "creatureType": "human",
        "features": [
          "Black Bag"
        ],
        "skills": "Alchemy 2, Medicine 4, Natural Science 2, Concentration 2, Language 5 (English), 3 (Latin), Melee Weapon 2, Pistol 3, Unarmed Combat 2, Shadow 1, Streetwise 2",
        "notes": "Doctor Calling. Qualities: Hospital Affiliation. Wealth: 5. Equipment: Medical bag, surgical instruments, chloroform, derringer (+5 damage), 5 doses morphine, respirator, £15 cash."
      }
    },
    {
      "name": "Mourner (Hannah Hinchcliffe)",
      "type": "npc",
      "img": "icons/weapons/swords/sword-guard-gold.webp",
      "system": {
        "description": "<p><em>Adventure Pregenerated Character</em></p><p>Hannah Hinchcliffe joined the Mourners Guild after the suspicious death of her fiancé, Lord Geoffrey Tennemount. What was once cheerfulness has turned inward into something darker. The Guild's rigorous training gave her a way to live, if not a reason to do so.</p><p>Stunts: Long Shot (Pistol), Guild Training</p>",
        "attributes": {
          "vitality": {
            "value": 3
          },
          "coordination": {
            "value": 3
          },
          "wit": {
            "value": 3
          },
          "intellect": {
            "value": 2
          },
          "will": {
            "value": 3
          },
          "charm": {
            "value": 2
          }
        },
        "derivedStats": {
          "prowess": {
            "value": 6,
            "base": 6
          },
          "actions": {
            "value": 2
          }
        },
        "creatureType": "human",
        "features": [
          "Familiarity: Animate",
          "Silent as the Grave",
          "Long Shot",
          "Guild Training"
        ],
        "skills": "Arts 1, Psychology 2, Thanatology 3, Concentration 3, Etiquette 2, Language 5 (English), Acrobatics 3, Melee Weapon 4, Pistol 2, Unarmed Combat 3, Shadow 2",
        "notes": "Mourner Calling. Qualities: Mourners Guild Membership, Celibacy (Oath). Wealth: 6. Equipment: Exculpus (+3 damage), derringer (+5), cremation tools, black mourning dress, veil, respirator."
      }
    },
    {
      "name": "Undertaker (Daphne Cumberland)",
      "type": "npc",
      "img": "icons/weapons/axes/axe-broad-brown-steel.webp",
      "system": {
        "description": "<p><em>Adventure Pregenerated Character</em></p><p>Daphne Cumberland is a licensed Undertaker—a bounty hunter specializing in the destruction of animates, vampires, and thropes. She approaches her work with cold professionalism, viewing it as pest control rather than heroism.</p><p>Stunts: Decapitation, Quick Wits, Third Eye</p>",
        "attributes": {
          "vitality": {
            "value": 3
          },
          "coordination": {
            "value": 4
          },
          "wit": {
            "value": 3
          },
          "intellect": {
            "value": 2
          },
          "will": {
            "value": 2
          },
          "charm": {
            "value": 2
          }
        },
        "derivedStats": {
          "prowess": {
            "value": 7,
            "base": 7
          },
          "actions": {
            "value": 2
          }
        },
        "creatureType": "human",
        "features": [
          "Familiarity: Animate",
          "Familiarity: Vampire",
          "Decapitation",
          "Quick Wits",
          "Third Eye"
        ],
        "skills": "First Aid 1, Medicine 1, Thanatology 2, Language 5 (English), Acrobatics 2, Melee Weapon 4, Pistol 4, Rifle 3, Unarmed Combat 3, Tracking 2, Shadow 2, Streetwise 2",
        "notes": "Undertaker Calling. Qualities: OUD License. Wealth: 5. Equipment: Magwitch Gravedigger shotgun (+9 damage), heavy revolver (+6), combat axe (+3), collection kit, wooden stakes, holy water, respirator, £8 cash."
      }
    },
    {
      "name": "Galvanic Automaton",
      "type": "npc",
      "img": "icons/creatures/magical/construct-stone-earth-gray.webp",
      "system": {
        "description": "<p><em>Creature Template</em></p><p>A galvanic-powered automaton created for various purposes—labor, combat, or experimentation. These constructs follow programmed instructions with mechanical precision but lack true intelligence or adaptability.</p>",
        "attributes": {
          "vitality": {
            "value": 7
          },
          "coordination": {
            "value": 4
          },
          "wit": {
            "value": 2
          },
          "intellect": {
            "value": 1
          },
          "will": {
            "value": 5
          },
          "charm": {
            "value": 1
          }
        },
        "derivedStats": {
          "prowess": {
            "value": 6,
            "base": 6
          },
          "actions": {
            "value": 2
          }
        },
        "creatureType": "construct",
        "features": [
          "Construct",
          "Crushing Jaw (+4 damage)",
          "Armoured (2 points all locations)"
        ],
        "skills": "Unarmed Combat 5",
        "notes": "Armor: 2 to all locations. Special: Crushing Jaw attack deals +4 damage. Cannot be affected by mental powers, poisons, or disease. Immune to fear. Requires galvanic power to operate—shuts down without regular charging."
      }
    }
  ]
}