{
  "metadata": {
    "id": "weapons",
    "label": "weapons",
    "type": "world",
    "package": "RNK",
    "path": "packs/weapons.db",
    "name": "weapons"
  },
  "entries": [
    {
      "_id": "umweapon001",
      "name": "Westgate Executioner 12mm",
      "type": "weapon",
      "img": "icons/weapons/guns/gun-pistol-flintlock-gold.webp",
      "system": {
        "description": "<p>The official sidearm of the Deathwatch. A semi-automatic pistol as recognizable as the signature Deathwatch filtration mask and helmet. Reliable and powerful, favored by soldiers and professionals alike.</p>",
        "weaponType": "ranged",
        "skill": "firearms",
        "damage": 6,
        "damageType": "lethal",
        "range": {
          "short": 10,
          "medium": 25,
          "long": 50
        },
        "rateOfFire": 2,
        "capacity": 8,
        "reload": 1,
        "concealability": "jacket",
        "hands": 1,
        "qualities": [
          "semi-automatic"
        ],
        "price": {
          "pounds": 15,
          "shillings": 0,
          "pence": 0
        },
        "weight": 2,
        "availability": "restricted"
      }
    },
    {
      "_id": "umweapon002",
      "name": "Requieter",
      "type": "weapon",
      "img": "icons/weapons/guns/gun-pistol-flintlock-brown.webp",
      "system": {
        "description": "<p>A specialized firearm designed for dealing with supernatural threats. Requieters fire silver-jacketed rounds blessed by the Church, making them particularly effective against vampires, thropes, and other creatures resistant to conventional weapons.</p>",
        "weaponType": "ranged",
        "skill": "firearms",
        "damage": 5,
        "damageType": "aggravated",
        "range": {
          "short": 8,
          "medium": 20,
          "long": 40
        },
        "rateOfFire": 1,
        "capacity": 6,
        "reload": 2,
        "concealability": "jacket",
        "hands": 1,
        "qualities": [
          "blessed",
          "silver",
          "anti-supernatural"
        ],
        "price": {
          "pounds": 50,
          "shillings": 0,
          "pence": 0
        },
        "weight": 2,
        "availability": "rare"
      }
    },
    {
      "_id": "umweapon003",
      "name": "Kramer 2013 Bolt-Action Rifle",
      "type": "weapon",
      "img": "icons/weapons/guns/gun-rifle-brown.webp",
      "system": {
        "description": "<p>The standard-issue rifle of the Deathwatch Penal Corps. A reliable bolt-action rifle, sturdy and dependable if less advanced than the galvanic weapons issued to regular forces.</p>",
        "weaponType": "ranged",
        "skill": "firearms",
        "damage": 8,
        "damageType": "lethal",
        "range": {
          "short": 50,
          "medium": 200,
          "long": 500
        },
        "rateOfFire": 1,
        "capacity": 5,
        "reload": 2,
        "concealability": "impossible",
        "hands": 2,
        "qualities": [
          "accurate"
        ],
        "price": {
          "pounds": 8,
          "shillings": 0,
          "pence": 0
        },
        "weight": 8,
        "availability": "military"
      }
    },
    {
      "_id": "umweapon004",
      "name": "Service Revolver",
      "type": "weapon",
      "img": "icons/weapons/guns/gun-pistol-flintlock-metal.webp",
      "system": {
        "description": "<p>Standard-issue heavy service revolver carried by Metropolitan Police constables. A reliable six-shooter capable of stopping both human and animate threats.</p>",
        "weaponType": "ranged",
        "skill": "firearms",
        "damage": 5,
        "damageType": "lethal",
        "range": {
          "short": 8,
          "medium": 20,
          "long": 40
        },
        "rateOfFire": 1,
        "capacity": 6,
        "reload": 2,
        "concealability": "jacket",
        "hands": 1,
        "qualities": [
          "reliable"
        ],
        "price": {
          "pounds": 3,
          "shillings": 10,
          "pence": 0
        },
        "weight": 2,
        "availability": "common"
      }
    },
    {
      "_id": "umweapon005",
      "name": "Lightning Gun (Ion Rifle)",
      "type": "weapon",
      "img": "icons/weapons/guns/gun-blunderbuss.webp",
      "system": {
        "description": "<p>A devastating galvanic weapon introduced by Viktor van Haller in 2051. Capable of forcing a lightning bolt through the body of a target, it draws power directly from the city's Tesla array. Effortlessly annihilates animates.</p>",
        "weaponType": "ranged",
        "skill": "firearms",
        "damage": 12,
        "damageType": "aggravated",
        "range": {
          "short": 30,
          "medium": 60,
          "long": 100
        },
        "rateOfFire": 1,
        "capacity": 10,
        "reload": 0,
        "concealability": "impossible",
        "hands": 2,
        "qualities": [
          "galvanic",
          "tesla-powered",
          "anti-animate"
        ],
        "price": {
          "pounds": 500,
          "shillings": 0,
          "pence": 0
        },
        "weight": 12,
        "availability": "military-only"
      }
    },
    {
      "_id": "umweapon006",
      "name": "Combat Shotgun",
      "type": "weapon",
      "img": "icons/weapons/guns/gun-blunderbuss-brown.webp",
      "system": {
        "description": "<p>A pump-action shotgun issued to constables for heavy engagements. Devastating at close range, capable of stopping crowds or animates alike.</p>",
        "weaponType": "ranged",
        "skill": "firearms",
        "damage": 10,
        "damageType": "lethal",
        "range": {
          "short": 5,
          "medium": 15,
          "long": 30
        },
        "rateOfFire": 1,
        "capacity": 6,
        "reload": 3,
        "concealability": "impossible",
        "hands": 2,
        "qualities": [
          "spread",
          "knockback"
        ],
        "price": {
          "pounds": 6,
          "shillings": 0,
          "pence": 0
        },
        "weight": 7,
        "availability": "restricted"
      }
    },
    {
      "_id": "umweapon007",
      "name": "Flamethrower",
      "type": "weapon",
      "img": "icons/weapons/thrown/bomb-fire.webp",
      "system": {
        "description": "<p>A military-grade incendiary weapon. Spews burning fuel that clings to targets. Extremely effective against animates and useful for sterilizing infected areas.</p>",
        "weaponType": "ranged",
        "skill": "firearms",
        "damage": 8,
        "damageType": "aggravated",
        "range": {
          "short": 5,
          "medium": 10,
          "long": 15
        },
        "rateOfFire": 1,
        "capacity": 20,
        "reload": 0,
        "concealability": "impossible",
        "hands": 2,
        "qualities": [
          "fire",
          "area",
          "continuous"
        ],
        "price": {
          "pounds": 100,
          "shillings": 0,
          "pence": 0
        },
        "weight": 25,
        "availability": "military-only"
      }
    },
    {
      "_id": "umweapon008",
      "name": "Syringe Gun",
      "type": "weapon",
      "img": "icons/weapons/guns/gun-pistol-flintlock-white.webp",
      "system": {
        "description": "<p>A specialized delivery system for sedatives and chemical agents. Used by police and medical professionals to subdue dangerous creatures without lethal force.</p>",
        "weaponType": "ranged",
        "skill": "firearms",
        "damage": 0,
        "damageType": "bashing",
        "range": {
          "short": 5,
          "medium": 10,
          "long": 20
        },
        "rateOfFire": 1,
        "capacity": 1,
        "reload": 1,
        "concealability": "jacket",
        "hands": 1,
        "qualities": [
          "sedative",
          "non-lethal"
        ],
        "price": {
          "pounds": 25,
          "shillings": 0,
          "pence": 0
        },
        "weight": 1,
        "availability": "restricted"
      }
    },
    {
      "_id": "umweapon009",
      "name": "Combat Knife",
      "type": "weapon",
      "img": "icons/weapons/daggers/dagger-straight-gray.webp",
      "system": {
        "description": "<p>Standard-issue military combat knife. Every Deathwatch soldier carries one as a backup weapon for close-quarters combat.</p>",
        "weaponType": "melee",
        "skill": "melee",
        "damage": 3,
        "damageType": "lethal",
        "range": {
          "short": 0,
          "medium": 0,
          "long": 0
        },
        "rateOfFire": 0,
        "capacity": 0,
        "reload": 0,
        "concealability": "pocket",
        "hands": 1,
        "qualities": [
          "quick-draw"
        ],
        "price": {
          "pounds": 0,
          "shillings": 15,
          "pence": 0
        },
        "weight": 1,
        "availability": "common"
      }
    },
    {
      "_id": "umweapon010",
      "name": "Cutlass",
      "type": "weapon",
      "img": "icons/weapons/swords/sword-guard-bronze.webp",
      "system": {
        "description": "<p>A heavy naval-style sword issued to Metropolitan Police constables. Effective for crowd control and dispatching animates at close range.</p>",
        "weaponType": "melee",
        "skill": "melee",
        "damage": 5,
        "damageType": "lethal",
        "range": {
          "short": 0,
          "medium": 0,
          "long": 0
        },
        "rateOfFire": 0,
        "capacity": 0,
        "reload": 0,
        "concealability": "coat",
        "hands": 1,
        "qualities": [
          "slashing"
        ],
        "price": {
          "pounds": 2,
          "shillings": 0,
          "pence": 0
        },
        "weight": 3,
        "availability": "common"
      }
    },
    {
      "_id": "umweapon011",
      "name": "Truncheon",
      "type": "weapon",
      "img": "icons/weapons/clubs/club-simple-wood.webp",
      "system": {
        "description": "<p>The traditional policeman's baton. Still issued to all constables, though now supplemented with more lethal weapons for dealing with supernatural threats.</p>",
        "weaponType": "melee",
        "skill": "melee",
        "damage": 2,
        "damageType": "bashing",
        "range": {
          "short": 0,
          "medium": 0,
          "long": 0
        },
        "rateOfFire": 0,
        "capacity": 0,
        "reload": 0,
        "concealability": "jacket",
        "hands": 1,
        "qualities": [
          "non-lethal",
          "quick-draw"
        ],
        "price": {
          "pounds": 0,
          "shillings": 5,
          "pence": 0
        },
        "weight": 1,
        "availability": "common"
      }
    },
    {
      "_id": "umweapon012",
      "name": "Exculpus (Stake Gun)",
      "type": "weapon",
      "img": "icons/weapons/guns/gun-pistol-flintlock-gold.webp",
      "system": {
        "description": "<p>A gas-powered stake gun designed specifically for hunting vampires. Fires wooden stakes with tremendous force, capable of piercing the chest cavity of a vampire and destroying their heart.</p>",
        "weaponType": "ranged",
        "skill": "firearms",
        "damage": 6,
        "damageType": "aggravated",
        "range": {
          "short": 5,
          "medium": 10,
          "long": 20
        },
        "rateOfFire": 1,
        "capacity": 1,
        "reload": 2,
        "concealability": "coat",
        "hands": 1,
        "qualities": [
          "stake",
          "anti-vampire"
        ],
        "price": {
          "pounds": 75,
          "shillings": 0,
          "pence": 0
        },
        "weight": 3,
        "availability": "rare"
      }
    },
    {
      "_id": "umweapon013",
      "name": "Holdout Revolver",
      "type": "weapon",
      "img": "icons/weapons/guns/gun-pistol-flintlock-brown.webp",
      "system": {
        "description": "<p>A small, easily concealed revolver designed to be hidden in a pocket, boot, or sleeve. Popular among gamblers, criminals, and those who need a discreet backup weapon. Less powerful than a standard revolver but serviceable at close range.</p>",
        "weaponType": "ranged",
        "skill": "firearms",
        "damage": 4,
        "damageType": "lethal",
        "range": {
          "short": 5,
          "medium": 15,
          "long": 30
        },
        "rateOfFire": 2,
        "capacity": 5,
        "reload": 2,
        "concealability": "pocket",
        "hands": 1,
        "qualities": [
          "compact",
          "quick-draw"
        ],
        "price": {
          "pounds": 6,
          "shillings": 0,
          "pence": 0
        },
        "weight": 0.8,
        "availability": "common"
      }
    },
    {
      "_id": "umweapon014",
      "name": "Heavy Revolver",
      "type": "weapon",
      "img": "icons/weapons/guns/gun-pistol-flintlock-metal.webp",
      "system": {
        "description": "<p>A large-bore revolver favored by those expecting to face dangerous opponents. Packs considerable stopping power at the cost of heavier recoil and slower rate of fire. Common among Undertakers and police sergeants.</p>",
        "weaponType": "ranged",
        "skill": "firearms",
        "damage": 7,
        "damageType": "lethal",
        "range": {
          "short": 10,
          "medium": 30,
          "long": 60
        },
        "rateOfFire": 1,
        "capacity": 6,
        "reload": 2,
        "concealability": "jacket",
        "hands": 1,
        "qualities": [
          "stopping-power",
          "loud"
        ],
        "price": {
          "pounds": 12,
          "shillings": 0,
          "pence": 0
        },
        "weight": 2.5,
        "availability": "common"
      }
    },
    {
      "_id": "umweapon015",
      "name": "Semi-Automatic Derringer",
      "type": "weapon",
      "img": "icons/weapons/guns/gun-pistol-flintlock-gold.webp",
      "system": {
        "description": "<p>A compact, two-shot pistol easily concealed in a lady's handbag or gentleman's sleeve. Fires two .22 caliber rounds in quick succession. Limited range but excellent for surprise attacks at close quarters.</p>",
        "weaponType": "ranged",
        "skill": "firearms",
        "damage": 3,
        "damageType": "lethal",
        "range": {
          "short": 3,
          "medium": 8,
          "long": 15
        },
        "rateOfFire": 2,
        "capacity": 2,
        "reload": 1,
        "concealability": "pocket",
        "hands": 1,
        "qualities": [
          "compact",
          "concealed",
          "quick-draw"
        ],
        "price": {
          "pounds": 5,
          "shillings": 0,
          "pence": 0
        },
        "weight": 0.3,
        "availability": "common"
      }
    },
    {
      "_id": "umweapon016",
      "name": "Cavalry Sabre",
      "type": "weapon",
      "img": "icons/weapons/swords/sword-guard-brass.webp",
      "system": {
        "description": "<p>A curved military sword designed for mounted combat but equally effective on foot. The weapon of choice for cavalry officers and those who prefer an elegant blade to a brutish cutlass. Provides +1 to Initiative when wielded from horseback.</p>",
        "weaponType": "melee",
        "skill": "melee",
        "damage": 4,
        "damageType": "lethal",
        "range": {
          "short": 0,
          "medium": 0,
          "long": 0
        },
        "rateOfFire": 0,
        "capacity": 0,
        "reload": 0,
        "concealability": "impossible",
        "hands": 1,
        "qualities": [
          "slashing",
          "cavalry"
        ],
        "price": {
          "pounds": 8,
          "shillings": 0,
          "pence": 0
        },
        "weight": 2,
        "availability": "military"
      }
    },
    {
      "_id": "umweapon017",
      "name": "Wooden Stake",
      "type": "weapon",
      "img": "icons/weapons/staves/staff-simple.webp",
      "system": {
        "description": "<p>A sharpened wooden stake, the traditional tool for dispatching vampires. Must be driven through the heart to destroy a vampire permanently. Less effective as a general weapon but essential for any serious vampire hunter.</p>",
        "weaponType": "melee",
        "skill": "melee",
        "damage": 2,
        "damageType": "aggravated",
        "range": {
          "short": 0,
          "medium": 0,
          "long": 0
        },
        "rateOfFire": 0,
        "capacity": 0,
        "reload": 0,
        "concealability": "jacket",
        "hands": 1,
        "qualities": [
          "piercing",
          "anti-vampire"
        ],
        "price": {
          "pounds": 0,
          "shillings": 1,
          "pence": 0
        },
        "weight": 0.5,
        "availability": "common"
      }
    },
    {
      "_id": "umweapon018",
      "name": "Hand Grenade",
      "type": "weapon",
      "img": "icons/weapons/thrown/bomb-fuse-lit.webp",
      "system": {
        "description": "<p>A military-grade fragmentation grenade. Extremely dangerous in enclosed spaces. Commonly used by the military for clearing zombie hordes. Possession without license is a serious criminal offense.</p>",
        "weaponType": "ranged",
        "skill": "throwing",
        "damage": 10,
        "damageType": "lethal",
        "range": {
          "short": 10,
          "medium": 20,
          "long": 30
        },
        "rateOfFire": 1,
        "capacity": 1,
        "reload": 0,
        "concealability": "pocket",
        "hands": 1,
        "qualities": [
          "explosive",
          "area-effect",
          "single-use"
        ],
        "blastRadius": 10,
        "price": {
          "pounds": 15,
          "shillings": 0,
          "pence": 0
        },
        "weight": 0.5,
        "availability": "military"
      }
    },
    {
      "_id": "umweapon019",
      "name": "Galvanic Pistol",
      "type": "weapon",
      "img": "icons/weapons/guns/gun-pistol-flintlock-blue.webp",
      "system": {
        "description": "<p>A weapon that fires electrically-charged projectiles using galvanic technology. More reliable than conventional firearms and favored by the Deathwatch. The distinctive blue-white flash of discharge is unmistakable.</p>",
        "weaponType": "ranged",
        "skill": "firearms",
        "damage": 6,
        "damageType": "lethal",
        "range": {
          "short": 10,
          "medium": 25,
          "long": 50
        },
        "rateOfFire": 2,
        "capacity": 10,
        "reload": 1,
        "concealability": "jacket",
        "hands": 1,
        "qualities": [
          "galvanic",
          "reliable"
        ],
        "price": {
          "pounds": 25,
          "shillings": 0,
          "pence": 0
        },
        "weight": 2,
        "availability": "restricted"
      }
    },
    {
      "_id": "umweapon020",
      "name": "Galvanic Rifle",
      "type": "weapon",
      "img": "icons/weapons/guns/gun-rifle-brown.webp",
      "system": {
        "description": "<p>The standard-issue rifle of the Deathwatch. Uses galvanic technology to fire electrically-charged rounds with devastating accuracy at long range. The humming of its charge coils is a sound of hope in the wasteland.</p>",
        "weaponType": "ranged",
        "skill": "firearms",
        "damage": 9,
        "damageType": "lethal",
        "range": {
          "short": 50,
          "medium": 200,
          "long": 600
        },
        "rateOfFire": 1,
        "capacity": 15,
        "reload": 1,
        "concealability": "impossible",
        "hands": 2,
        "qualities": [
          "galvanic",
          "accurate",
          "reliable"
        ],
        "price": {
          "pounds": 45,
          "shillings": 0,
          "pence": 0
        },
        "weight": 7,
        "availability": "military"
      }
    },
    {
      "_id": "umweapon021",
      "name": "Rapier",
      "type": "weapon",
      "img": "icons/weapons/swords/sword-guard-brass.webp",
      "system": {
        "description": "<p>A light, sharp-pointed sword used primarily for thrusting. The rapier is the weapon of choice for aristocratic dueling and remains popular among the upper classes. Its elegant design belies its deadly effectiveness in trained hands.</p>",
        "weaponType": "melee",
        "skill": "fencing",
        "damage": 4,
        "damageType": "lethal",
        "range": {
          "short": 0,
          "medium": 0,
          "long": 0
        },
        "rateOfFire": 0,
        "capacity": 0,
        "reload": 0,
        "concealability": "long coat",
        "hands": 1,
        "qualities": [
          "precise",
          "parrying"
        ],
        "price": {
          "pounds": 8,
          "shillings": 0,
          "pence": 0
        },
        "weight": 1,
        "availability": "common"
      }
    },
    {
      "_id": "umweapon022",
      "name": "Hatchet",
      "type": "weapon",
      "img": "icons/weapons/axes/axe-simple-brown.webp",
      "system": {
        "description": "<p>A small axe used as both tool and weapon. Hatchets are common in the working class, useful for chopping wood, breaking down doors, and—when necessary—splitting skulls. Cheap, effective, and easily explained if found by police.</p>",
        "weaponType": "melee",
        "skill": "melee",
        "damage": 4,
        "damageType": "lethal",
        "range": {
          "short": 0,
          "medium": 0,
          "long": 0
        },
        "rateOfFire": 0,
        "capacity": 0,
        "reload": 0,
        "concealability": "jacket",
        "hands": 1,
        "qualities": [
          "cheap",
          "throwable"
        ],
        "price": {
          "pounds": 0,
          "shillings": 15,
          "pence": 0
        },
        "weight": 1,
        "availability": "common"
      }
    },
    {
      "_id": "umweapon023",
      "name": "Fire Axe",
      "type": "weapon",
      "img": "icons/weapons/axes/axe-battle-red.webp",
      "system": {
        "description": "<p>A heavy axe designed for firefighting—breaking through doors and walls. In combat, it delivers devastating blows that can sever limbs. Common in Deathwatch armories for dealing with animates in close quarters.</p>",
        "weaponType": "melee",
        "skill": "melee",
        "damage": 6,
        "damageType": "lethal",
        "range": {
          "short": 0,
          "medium": 0,
          "long": 0
        },
        "rateOfFire": 0,
        "capacity": 0,
        "reload": 0,
        "concealability": "impossible",
        "hands": 2,
        "qualities": [
          "penetrating",
          "heavy"
        ],
        "price": {
          "pounds": 2,
          "shillings": 0,
          "pence": 0
        },
        "weight": 4,
        "availability": "common"
      }
    },
    {
      "_id": "umweapon024",
      "name": "Cane Sword",
      "type": "weapon",
      "img": "icons/weapons/staves/staff-ornate-blue.webp",
      "system": {
        "description": "<p>A thin blade concealed within a gentleman's walking cane. The perfect weapon for the aristocrat who wishes to appear unarmed. Drawing the blade requires a swift motion that can catch opponents by surprise.</p>",
        "weaponType": "melee",
        "skill": "fencing",
        "damage": 3,
        "damageType": "lethal",
        "range": {
          "short": 0,
          "medium": 0,
          "long": 0
        },
        "rateOfFire": 0,
        "capacity": 0,
        "reload": 0,
        "concealability": "hidden",
        "hands": 1,
        "qualities": [
          "concealed",
          "quick-draw"
        ],
        "price": {
          "pounds": 12,
          "shillings": 0,
          "pence": 0
        },
        "weight": 1,
        "availability": "uncommon"
      }
    },
    {
      "_id": "umweapon025",
      "name": "Garrote",
      "type": "weapon",
      "img": "icons/tools/fasteners/rope-coiled-tan.webp",
      "system": {
        "description": "<p>A length of wire or cord used to strangle victims from behind. The preferred weapon of assassins, the garrote is silent and leaves no ballistic evidence. Requires a successful grapple to use effectively.</p>",
        "weaponType": "melee",
        "skill": "unarmed combat",
        "damage": "Special",
        "damageType": "lethal",
        "range": {
          "short": 0,
          "medium": 0,
          "long": 0
        },
        "rateOfFire": 0,
        "capacity": 0,
        "reload": 0,
        "concealability": "pocket",
        "hands": 2,
        "qualities": [
          "silent",
          "grappling"
        ],
        "price": {
          "pounds": 0,
          "shillings": 5,
          "pence": 0
        },
        "weight": 0,
        "availability": "common",
        "notes": "Must grapple from behind. Target takes 1 damage per round of strangulation and cannot call for help. Contested Vitality roll each round to escape."
      }
    },
    {
      "_id": "umweapon026",
      "name": "Spring Blade",
      "type": "weapon",
      "img": "icons/weapons/daggers/dagger-straight-thin-black.webp",
      "system": {
        "description": "<p>A blade concealed in a spring-loaded mechanism, typically worn on the forearm. A flick of the wrist extends the blade for a surprise attack. Illegal but popular among criminals and assassins.</p>",
        "weaponType": "melee",
        "skill": "melee",
        "damage": 3,
        "damageType": "lethal",
        "range": {
          "short": 0,
          "medium": 0,
          "long": 0
        },
        "rateOfFire": 0,
        "capacity": 0,
        "reload": 0,
        "concealability": "hidden",
        "hands": 1,
        "qualities": [
          "concealed",
          "quick-draw",
          "surprise"
        ],
        "price": {
          "pounds": 5,
          "shillings": 0,
          "pence": 0
        },
        "weight": 0.5,
        "availability": "illegal"
      }
    },
    {
      "_id": "umweapon027",
      "name": "Hunting Rifle",
      "type": "weapon",
      "img": "icons/weapons/guns/gun-rifle-wood.webp",
      "system": {
        "description": "<p>A sporting rifle designed for hunting game in the Wastelands or on country estates. More accurate than military rifles but with slower rate of fire. Popular among the aristocracy for recreational hunting.</p>",
        "weaponType": "ranged",
        "skill": "firearms",
        "damage": 7,
        "damageType": "lethal",
        "range": {
          "short": 75,
          "medium": 300,
          "long": 800
        },
        "rateOfFire": 1,
        "capacity": 5,
        "reload": 1,
        "concealability": "impossible",
        "hands": 2,
        "qualities": [
          "accurate",
          "scoped"
        ],
        "price": {
          "pounds": 25,
          "shillings": 0,
          "pence": 0
        },
        "weight": 6,
        "availability": "uncommon"
      }
    },
    {
      "_id": "umweapon028",
      "name": "Crossbow",
      "type": "weapon",
      "img": "icons/weapons/crossbows/crossbow-simple-brown.webp",
      "system": {
        "description": "<p>An archaic weapon that has found new purpose in the Neo-Victorian age. Silent and deadly, crossbows are used by those who value stealth over firepower. Some Undertakers prefer them for hunting vampires—they can fire wooden bolts.</p>",
        "weaponType": "ranged",
        "skill": "archery",
        "damage": 5,
        "damageType": "lethal",
        "range": {
          "short": 20,
          "medium": 60,
          "long": 120
        },
        "rateOfFire": 0.5,
        "capacity": 1,
        "reload": 2,
        "concealability": "long coat",
        "hands": 2,
        "qualities": [
          "silent",
          "wooden bolts available"
        ],
        "price": {
          "pounds": 8,
          "shillings": 0,
          "pence": 0
        },
        "weight": 4,
        "availability": "uncommon"
      }
    },
    {
      "_id": "umweapon029",
      "name": "Brass Knuckles",
      "type": "weapon",
      "img": "icons/equipment/hand/glove-ringed-cloth-brown.webp",
      "system": {
        "description": "<p>Metal reinforcements worn over the knuckles to increase punch damage. Common street fighting equipment, illegal but widely available. Some versions feature spikes or blades for extra damage.</p>",
        "weaponType": "melee",
        "skill": "unarmed combat",
        "damage": 2,
        "damageType": "bashing",
        "range": {
          "short": 0,
          "medium": 0,
          "long": 0
        },
        "rateOfFire": 0,
        "capacity": 0,
        "reload": 0,
        "concealability": "pocket",
        "hands": 1,
        "qualities": [
          "concealable",
          "cheap"
        ],
        "price": {
          "pounds": 0,
          "shillings": 10,
          "pence": 0
        },
        "weight": 0.5,
        "availability": "common"
      }
    },
    {
      "_id": "umweapon030",
      "name": "Incendiary Grenade",
      "type": "weapon",
      "img": "icons/weapons/thrown/bomb-fuse-red-black.webp",
      "system": {
        "description": "<p>A grenade filled with flammable gel that ignites on impact. Creates a zone of burning fire that is particularly effective against animates. Standard Deathwatch equipment for dealing with large groups of undead.</p>",
        "weaponType": "thrown",
        "skill": "throwing",
        "damage": 6,
        "damageType": "fire",
        "range": {
          "short": 10,
          "medium": 20,
          "long": 30
        },
        "rateOfFire": 1,
        "capacity": 1,
        "reload": 0,
        "concealability": "jacket",
        "hands": 1,
        "qualities": [
          "area effect",
          "fire",
          "single use"
        ],
        "price": {
          "pounds": 3,
          "shillings": 0,
          "pence": 0
        },
        "weight": 0.5,
        "availability": "military",
        "notes": "Creates 3m radius fire zone. Creatures in zone take damage each round until they escape. Fire lasts 1d6 rounds."
      }
    },
    {
      "_id": "umweapon031",
      "name": "Bayonet",
      "type": "weapon",
      "img": "icons/weapons/daggers/dagger-straight-blue.webp",
      "system": {
        "description": "<p>A blade designed to attach to the barrel of a rifle, converting it into a makeshift spear. Standard military issue for close-quarters combat. Can also be used as a knife when detached.</p>",
        "weaponType": "melee",
        "skill": "melee",
        "damage": 3,
        "damageType": "lethal",
        "range": {
          "short": 0,
          "medium": 0,
          "long": 0
        },
        "rateOfFire": 0,
        "capacity": 0,
        "reload": 0,
        "concealability": "jacket",
        "hands": 1,
        "qualities": [
          "attachable",
          "reach (when attached)"
        ],
        "price": {
          "pounds": 1,
          "shillings": 0,
          "pence": 0
        },
        "weight": 0.5,
        "availability": "military",
        "notes": "When attached to rifle, damage increases to 5 and weapon gains Reach quality. Attachment takes 1 action."
      }
    },
    {
      "_id": "umweapon032",
      "name": "Pocket Pistol",
      "type": "weapon",
      "img": "icons/weapons/guns/gun-pistol-worn-grey.webp",
      "system": {
        "description": "<p>A tiny single-shot pistol designed to fit in a pocket or reticule. Low damage but easily concealed. Popular among the upper classes as a last-resort weapon and among criminals as a backup piece.</p>",
        "weaponType": "ranged",
        "skill": "firearms",
        "damage": 3,
        "damageType": "lethal",
        "range": {
          "short": 5,
          "medium": 10,
          "long": 20
        },
        "rateOfFire": 1,
        "capacity": 1,
        "reload": 2,
        "concealability": "pocket",
        "hands": 1,
        "qualities": [
          "concealable",
          "single-shot"
        ],
        "price": {
          "pounds": 4,
          "shillings": 0,
          "pence": 0
        },
        "weight": 0.3,
        "availability": "common"
      }
    },
    {
      "_id": "umweapon033",
      "name": "Heavy Machine Gun",
      "type": "weapon",
      "img": "icons/weapons/guns/gun-blunderbuss-bronze.webp",
      "system": {
        "description": "<p>A belt-fed automatic weapon capable of devastating sustained fire. Too heavy to be portable, it is typically mounted on vehicles, defensive positions, or the walls of the metropolis. The ultimate weapon for holding back animate hordes.</p>",
        "weaponType": "ranged",
        "skill": "firearms",
        "damage": 10,
        "damageType": "lethal",
        "range": {
          "short": 100,
          "medium": 500,
          "long": 1500
        },
        "rateOfFire": 10,
        "capacity": 250,
        "reload": 3,
        "concealability": "impossible",
        "hands": 2,
        "qualities": [
          "automatic",
          "suppressive fire",
          "mounted"
        ],
        "price": {
          "pounds": 500,
          "shillings": 0,
          "pence": 0
        },
        "weight": 50,
        "availability": "military",
        "notes": "Requires mounting or extreme strength (Vitality 6+) to fire. Can perform suppressive fire, forcing targets to take cover or suffer automatic hits."
      }
    },
    {
      "_id": "umweapon034",
      "name": "Sapper's Charge",
      "type": "weapon",
      "img": "icons/weapons/thrown/bomb-timer-brown.webp",
      "system": {
        "description": "<p>A shaped explosive charge designed for demolition work. Used by military engineers to breach walls, destroy fortifications, and clear obstacles. Extremely dangerous and heavily regulated.</p>",
        "weaponType": "explosive",
        "skill": "demolitions",
        "damage": 15,
        "damageType": "lethal",
        "range": {
          "short": 0,
          "medium": 0,
          "long": 0
        },
        "rateOfFire": 0,
        "capacity": 1,
        "reload": 0,
        "concealability": "impossible",
        "hands": 2,
        "qualities": [
          "explosive",
          "breaching",
          "timed"
        ],
        "price": {
          "pounds": 20,
          "shillings": 0,
          "pence": 0
        },
        "weight": 3,
        "availability": "military",
        "notes": "Requires Demolitions skill to set properly. Can be timed or remote detonated. 5m blast radius. Failed Demolitions roll may result in premature detonation."
      }
    }
  ]
}