{
  "id": "unhallowed-metropolis",
  "title": "Unhallowed Metropolis",
  "description": "A Foundry VTT system for Unhallowed Metropolis - a gas-mask chic roleplaying game set in a Neo-Victorian world overrun by the risen dead.",
  "version": "0.1.4",
  "authors": [
    {
      "name": "Odinn"
    }
  ],
  "license": "MIT",
  "url": "https://github.com/Odinn-1982/unhallowed-metropolis",
  "manifest": "https://raw.githubusercontent.com/Odinn-1982/unhallowed-metropolis/main/system.json",
  "download": "https://github.com/Odinn-1982/unhallowed-metropolis/raw/main/unhallowed-metropolis.zip",
  "compatibility": {
    "minimum": "13.0.0",
    "verified": "13.0.0"
  },
  "esmodules": [
    "unhallowed-metropolis.js"
  ],
  "scripts": [
    "unhallowed-metropolis.js"
  ],
  "styles": [
    "unhallowed-metropolis.css"
  ],
  "languages": [
    {
      "lang": "en",
      "name": "English",
      "path": "lang/en.json"
    }
  ],
  "packs": [
    {
      "name": "weapons",
      "label": "Weapons",
      "path": "packs/weapons",
      "type": "Item",
      "system": "unhallowed-metropolis"
    },
    {
      "name": "armor",
      "label": "Armor",
      "path": "packs/armor",
      "type": "Item",
      "system": "unhallowed-metropolis"
    },
    {
      "name": "callings",
      "label": "Callings",
      "path": "packs/callings",
      "type": "Item",
      "system": "unhallowed-metropolis"
    },
    {
      "name": "qualities",
      "label": "Qualities",
      "path": "packs/qualities",
      "type": "Item",
      "system": "unhallowed-metropolis"
    },
    {
      "name": "impediments",
      "label": "Impediments",
      "path": "packs/impediments",
      "type": "Item",
      "system": "unhallowed-metropolis"
    },
    {
      "name": "afflictions",
      "label": "Afflictions & Disorders",
      "path": "packs/afflictions",
      "type": "Item",
      "system": "unhallowed-metropolis"
    },
    {
      "name": "equipment",
      "label": "Equipment & Gear",
      "path": "packs/equipment",
      "type": "Item",
      "system": "unhallowed-metropolis"
    },
    {
      "name": "creatures",
      "label": "Creatures & NPCs",
      "path": "packs/creatures",
      "type": "Actor",
      "system": "unhallowed-metropolis"
    },
    {
      "name": "psychic-powers",
      "label": "Psychic Powers & Devotions",
      "path": "packs/psychic-powers",
      "type": "Item",
      "system": "unhallowed-metropolis"
    },
    {
      "name": "skills",
      "label": "Skills",
      "path": "packs/skills",
      "type": "Item",
      "system": "unhallowed-metropolis"
    },
    {
      "name": "macros",
      "label": "UM Macros",
      "path": "packs/macros",
      "type": "Macro",
      "system": "unhallowed-metropolis"
    },
    {
      "name": "npcs",
      "label": "Named NPCs (Rogues Gallery)",
      "path": "packs/npcs",
      "type": "Actor",
      "system": "unhallowed-metropolis"
    },
    {
      "name": "templates",
      "label": "NPC Templates (Nameless Masses)",
      "path": "packs/templates",
      "type": "Actor",
      "system": "unhallowed-metropolis"
    },
    {
      "name": "journals",
      "label": "World Lore & Setting",
      "path": "packs/journals",
      "type": "JournalEntry",
      "system": "unhallowed-metropolis"
    }
  ]
}