{
  "metadata": {
    "id": "afflictions",
    "label": "afflictions",
    "type": "world",
    "package": "RNK",
    "path": "packs/afflictions.db",
    "name": "afflictions"
  },
  "entries": [
    {
      "_id": "umaffliction001",
      "name": "Addiction",
      "type": "affliction",
      "img": "icons/consumables/drinks/bottle-cork-red.webp",
      "system": {
        "description": "<p>The character is consumed by dependency on a substance or behavior. They must regularly indulge their addiction or suffer increasing penalties to all rolls until they satisfy their craving.</p>",
        "category": "desire",
        "corruptionType": "desire",
        "severity": "chronic",
        "triggers": [
          "Stress",
          "Availability of substance",
          "Social situations"
        ],
        "effects": {
          "withdrawalPenalty": -2,
          "cravingCheck": "Will DR 14"
        }
      }
    },
    {
      "_id": "umaffliction002",
      "name": "Hedonist",
      "type": "affliction",
      "img": "icons/magic/life/heart-shadow-red.webp",
      "system": {
        "description": "<p>The character lives only for pleasure, constantly seeking new sensations and experiences. They have difficulty denying themselves and may take foolish risks to experience new thrills.</p>",
        "category": "desire",
        "corruptionType": "desire",
        "severity": "chronic",
        "triggers": [
          "Opportunity for pleasure",
          "Boredom",
          "Temptation"
        ],
        "effects": {
          "willCheck": "DR 14 to resist temptation",
          "riskTaking": true
        }
      }
    },
    {
      "_id": "umaffliction003",
      "name": "Anhedonia",
      "type": "affliction",
      "img": "icons/magic/control/silhouette-hold-change-gray.webp",
      "system": {
        "description": "<p>The character is incapable of experiencing pleasure. Nothing brings them joy or satisfaction. They go through the motions of life without feeling, growing increasingly detached from those around them.</p>",
        "category": "desire",
        "corruptionType": "desire",
        "severity": "chronic",
        "triggers": [
          "Emotional situations",
          "Celebrations",
          "Intimacy"
        ],
        "effects": {
          "charmPenalty": -1,
          "motivationLoss": true
        }
      }
    },
    {
      "_id": "umaffliction004",
      "name": "Killer Instinct",
      "type": "affliction",
      "img": "icons/skills/melee/blade-tip-blood-red.webp",
      "system": {
        "description": "<p>The character has developed a taste for violence. They find combat exhilarating and may seek out opportunities for bloodshed. In combat, they may have difficulty holding back or showing mercy.</p>",
        "category": "drive",
        "corruptionType": "drive",
        "severity": "chronic",
        "triggers": [
          "Combat situations",
          "Conflict",
          "Provocation"
        ],
        "effects": {
          "combatBonus": 1,
          "mercyCheck": "Will DR 14 to spare enemies"
        }
      }
    },
    {
      "_id": "umaffliction005",
      "name": "Consumed",
      "type": "affliction",
      "img": "icons/magic/fire/flame-burning-hand-red.webp",
      "system": {
        "description": "<p>The character is consumed by an overwhelming obsession or goal. They pursue this end with single-minded determination, often to the detriment of relationships, health, and other responsibilities.</p>",
        "category": "drive",
        "corruptionType": "drive",
        "severity": "chronic",
        "triggers": [
          "Opportunities related to obsession",
          "Obstacles to goal",
          "Reminders of purpose"
        ],
        "effects": {
          "focusBonus": 1,
          "distractionPenalty": -2
        }
      }
    },
    {
      "_id": "umaffliction006",
      "name": "Dissolution",
      "type": "affliction",
      "img": "icons/magic/death/skull-humanoid-white-blue.webp",
      "system": {
        "description": "<p>The character's sense of self is fragmenting. They experience periods of dissociation, confusion about their identity, and difficulty maintaining consistent relationships or goals.</p>",
        "category": "drive",
        "corruptionType": "drive",
        "severity": "chronic",
        "triggers": [
          "Stress",
          "Identity questions",
          "Trauma"
        ],
        "effects": {
          "willPenalty": -1,
          "identityConfusion": true
        }
      }
    },
    {
      "_id": "umaffliction007",
      "name": "Cursed",
      "type": "affliction",
      "img": "icons/magic/unholy/hand-claw-glow-red.webp",
      "system": {
        "description": "<p>The character bears a supernatural curse that marks them as touched by darkness. Physical manifestations may include strange marks, unusual features, or minor physical deformities.</p>",
        "category": "physical",
        "corruptionType": "physical",
        "severity": "chronic",
        "triggers": [
          "Supernatural encounters",
          "Holy ground",
          "Recognition"
        ],
        "effects": {
          "supernaturalTaint": true,
          "detectionRisk": true
        }
      }
    },
    {
      "_id": "umdisorder001",
      "name": "Anxiety",
      "type": "disorder",
      "img": "icons/magic/control/fear-fright-monster-purple.webp",
      "system": {
        "description": "<p>The character suffers from chronic anxiety, experiencing worry, nervousness, and physical symptoms of stress. In stressful situations, they may freeze, panic, or be unable to act effectively.</p>",
        "category": "mental",
        "severity": "minor",
        "triggers": [
          "Stressful situations",
          "Uncertainty",
          "Social pressure"
        ],
        "effects": {
          "stressPenalty": -1,
          "panicCheck": "Will DR 12"
        }
      }
    },
    {
      "_id": "umdisorder002",
      "name": "Depression",
      "type": "disorder",
      "img": "icons/magic/perception/silhouette-stealth-shadow.webp",
      "system": {
        "description": "<p>The character experiences persistent sadness, hopelessness, and loss of interest in activities. They have difficulty finding motivation and may neglect self-care and responsibilities.</p>",
        "category": "mental",
        "severity": "minor",
        "triggers": [
          "Loss",
          "Failure",
          "Isolation"
        ],
        "effects": {
          "motivationPenalty": -1,
          "initiativeCheck": "Will DR 12 to act decisively"
        }
      }
    },
    {
      "_id": "umdisorder003",
      "name": "Paranoia",
      "type": "disorder",
      "img": "icons/magic/perception/eye-ringed-glow-red.webp",
      "system": {
        "description": "<p>The character believes others are conspiring against them. They are suspicious of allies and strangers alike, constantly on guard against perceived threats.</p>",
        "category": "mental",
        "severity": "minor",
        "triggers": [
          "Secrecy",
          "Unexpected behavior",
          "Being observed"
        ],
        "effects": {
          "trustPenalty": -2,
          "awarenessBonus": 1
        }
      }
    },
    {
      "_id": "umdisorder004",
      "name": "Phobia",
      "type": "disorder",
      "img": "icons/magic/control/fear-fright-monster-grin-red.webp",
      "system": {
        "description": "<p>The character has an intense, irrational fear of a specific thing (fire, heights, enclosed spaces, crowds, etc.). When confronted with their phobia, they must make a Will roll or be paralyzed with terror.</p>",
        "category": "mental",
        "severity": "minor",
        "triggers": [
          "Exposure to phobia trigger"
        ],
        "effects": {
          "fearCheck": "Will DR 14 or flee/freeze",
          "phobiaType": "variable"
        }
      }
    },
    {
      "_id": "umdisorder005",
      "name": "Dissociative Episodes",
      "type": "disorder",
      "img": "icons/magic/control/silhouette-hold-beam-blue.webp",
      "system": {
        "description": "<p>The character experiences periods where they feel disconnected from their body or surroundings. During episodes, they may act automatically, make poor decisions, or have gaps in memory.</p>",
        "category": "mental",
        "severity": "chronic",
        "triggers": [
          "Extreme stress",
          "Trauma reminders",
          "Overwhelming situations"
        ],
        "effects": {
          "awarenessCheck": "Will DR 14 to stay present",
          "memoryGaps": true
        }
      }
    },
    {
      "_id": "umdisorder006",
      "name": "Nightmares",
      "type": "disorder",
      "img": "icons/magic/death/skull-energy-light-orange.webp",
      "system": {
        "description": "<p>The character is plagued by vivid, terrifying nightmares that make restful sleep nearly impossible. They may wake screaming and have difficulty distinguishing dreams from reality.</p>",
        "category": "mental",
        "severity": "minor",
        "triggers": [
          "Sleep",
          "Traumatic reminders",
          "Stress"
        ],
        "effects": {
          "restPenalty": -1,
          "fatigueRisk": true
        }
      }
    },
    {
      "_id": "umdisorder007",
      "name": "Hallucinations",
      "type": "disorder",
      "img": "icons/magic/perception/third-eye-blue-red.webp",
      "system": {
        "description": "<p>The character experiences sensory perceptions that aren't real—seeing things that aren't there, hearing voices, or feeling phantom sensations. These may be occasional or persistent.</p>",
        "category": "mental",
        "severity": "chronic",
        "triggers": [
          "Stress",
          "Lack of sleep",
          "Psychic activity"
        ],
        "effects": {
          "realityCheck": "Intellect DR 14 to distinguish real from unreal",
          "witPenalty": -1
        }
      }
    },
    {
      "_id": "umdisorder008",
      "name": "Megalomania",
      "type": "disorder",
      "img": "icons/commodities/treasure/crown-gold-laurel-wreath.webp",
      "system": {
        "description": "<p>The character has an inflated sense of their own importance and abilities. They believe they are destined for greatness and may dismiss advice or underestimate threats.</p>",
        "category": "mental",
        "severity": "chronic",
        "triggers": [
          "Challenges to authority",
          "Failure",
          "Criticism"
        ],
        "effects": {
          "charmBonus": 1,
          "overconfidence": true
        }
      }
    },
    {
      "_id": "umdisorder009",
      "name": "Fugue State",
      "type": "disorder",
      "img": "icons/magic/movement/trail-streak-zigzag-blue.webp",
      "system": {
        "description": "<p>The character experiences periods of lost time during which they may travel, take actions, or assume different identities without conscious awareness or memory of doing so.</p>",
        "category": "mental",
        "severity": "chronic",
        "triggers": [
          "Extreme stress",
          "Trauma",
          "Overwhelming emotion"
        ],
        "effects": {
          "memoryLoss": true,
          "automaticActions": true
        }
      }
    },
    {
      "_id": "umdisorder010",
      "name": "Catatonia",
      "type": "disorder",
      "img": "icons/magic/time/clock-stopwatch-white-blue.webp",
      "system": {
        "description": "<p>Under extreme stress, the character may become completely unresponsive—frozen in place, unable to move or respond to stimuli. Episodes can last minutes or hours.</p>",
        "category": "mental",
        "severity": "chronic",
        "triggers": [
          "Overwhelming stress",
          "Psychic backlash",
          "Trauma"
        ],
        "effects": {
          "paralysisCheck": "Will DR 16 to act under extreme stress",
          "duration": "variable"
        }
      }
    },
    {
      "_id": "umdisorder011",
      "name": "Agrypnia",
      "type": "disorder",
      "img": "icons/magic/perception/eye-ringed-glow-angry-red.webp",
      "system": {
        "description": "<p>The character has lost the capacity for sleep. Insomnia does not begin to express the depth of this affliction. What little rest they gain comes from powerful sedatives. Their eyes are deeply sunken, flesh ashen. Unless they have slept at least five of the previous twenty-four hours, they suffer -2 on Wit, Intellect, and Initiative rolls.</p>",
        "category": "mental",
        "severity": "chronic",
        "severityOptions": {
          "minor": 3,
          "chronic": 5
        },
        "triggers": [
          "Attempting to sleep without sedatives",
          "Stress",
          "Psychic exertion"
        ],
        "effects": {
          "sleepCheck": "Control check to sleep naturally",
          "witPenalty": -2,
          "intellectPenalty": -2,
          "initiativePenalty": -2
        }
      }
    },
    {
      "_id": "umdisorder012",
      "name": "Multiple Personality Disorder",
      "type": "disorder",
      "img": "icons/magic/control/silhouette-hold-change-blue.webp",
      "system": {
        "description": "<p>The character has two or more distinct dissociated identities or personalities. Each personality has its own history, patterns of perception, and ways of interacting with the environment. At times of stress, a dormant personality may surface and take control. The primary personality will not recall events that transpire while a dormant personality is in control.</p>",
        "category": "mental",
        "severity": "chronic",
        "severityOptions": {
          "minor": 3,
          "chronic": 5
        },
        "triggers": [
          "Threatening situations",
          "Stress",
          "Trauma reminders"
        ],
        "effects": {
          "personalitySwitch": "Control check to remain primary",
          "memoryGaps": true,
          "attributeVariation": "May vary by personality"
        }
      }
    },
    {
      "_id": "umdisorder013",
      "name": "Pyromania",
      "type": "disorder",
      "img": "icons/magic/fire/flame-burning-fist-orange.webp",
      "system": {
        "description": "<p>The character suffers from an insatiable need to start fires that stems from an intense obsession. The act of setting a fire induces tremendous joy, gratification, and release. They set fires exclusively to watch the flames, never for personal gain. They likely collect newspaper reports of fires, especially their own.</p>",
        "category": "drive",
        "severity": "chronic",
        "severityOptions": {
          "minor": 3,
          "chronic": 5
        },
        "triggers": [
          "Significant stress",
          "Suppressed urges",
          "Opportunity"
        ],
        "effects": {
          "compulsionCheck": "Control check when stressed",
          "preoccupationPenalty": "-2 on all rolls until fire is set",
          "cumulativePenalty": "-1 on control checks per day unsatisfied"
        }
      }
    }
  ]
}