{
  "metadata": {
    "id": "equipment",
    "label": "equipment",
    "type": "world",
    "package": "RNK",
    "path": "packs/equipment.db",
    "name": "equipment"
  },
  "entries": [
    {
      "_id": "umequip001",
      "name": "Medical Bag",
      "type": "equipment",
      "img": "icons/containers/bags/case-leather-tan.webp",
      "system": {
        "description": "<p>A leather bag containing essential medical supplies: bandages, antiseptic, surgical tools, splints, and basic medications. Essential for any doctor or field medic.</p>",
        "category": "medical",
        "uses": {
          "current": 10,
          "max": 10
        },
        "weight": 2,
        "cost": {
          "pounds": 5,
          "shillings": 0,
          "pence": 0
        }
      }
    },
    {
      "_id": "umequip002",
      "name": "Surgical Instruments",
      "type": "equipment",
      "img": "icons/tools/laboratory/scalpel-drawing.webp",
      "system": {
        "description": "<p>A complete set of surgical instruments including scalpels, forceps, retractors, and suturing needles. Required for performing surgery.</p>",
        "category": "medical",
        "weight": 1,
        "cost": {
          "pounds": 10,
          "shillings": 0,
          "pence": 0
        }
      }
    },
    {
      "_id": "umequip003",
      "name": "Laudanum",
      "type": "equipment",
      "img": "icons/consumables/potions/bottle-round-corked-brown.webp",
      "system": {
        "description": "<p>An opium-based tincture used as a painkiller and sedative. Highly effective but also highly addictive. One dose provides relief from pain and anxiety.</p>",
        "category": "pharmaceutical",
        "uses": {
          "current": 5,
          "max": 5
        },
        "weight": 0.5,
        "addictive": true,
        "cost": {
          "pounds": 0,
          "shillings": 5,
          "pence": 0
        }
      }
    },
    {
      "_id": "umequip004",
      "name": "Smelling Salts",
      "type": "equipment",
      "img": "icons/consumables/potions/bottle-round-corked-white.webp",
      "system": {
        "description": "<p>Ammonium carbonate salts used to revive those who have fainted or lost consciousness. Hold under the nose to restore awareness.</p>",
        "category": "pharmaceutical",
        "uses": {
          "current": 5,
          "max": 5
        },
        "weight": 0.1,
        "cost": {
          "pounds": 0,
          "shillings": 2,
          "pence": 0
        }
      }
    },
    {
      "_id": "umequip005",
      "name": "Lockpicks",
      "type": "equipment",
      "img": "icons/tools/scribal/lockpicks-simple-steel.webp",
      "system": {
        "description": "<p>A set of specialized tools for picking locks. Includes tension wrenches, rakes, and individual picks. Illegal to possess without a license.</p>",
        "category": "tools",
        "weight": 0.2,
        "cost": {
          "pounds": 2,
          "shillings": 0,
          "pence": 0
        }
      }
    },
    {
      "_id": "umequip006",
      "name": "Rope (50 ft)",
      "type": "equipment",
      "img": "icons/sundries/survival/rope-coiled-tan.webp",
      "system": {
        "description": "<p>A sturdy hemp rope, useful for climbing, binding, or countless other applications.</p>",
        "category": "survival",
        "weight": 3,
        "cost": {
          "pounds": 0,
          "shillings": 5,
          "pence": 0
        }
      }
    },
    {
      "_id": "umequip007",
      "name": "Grappling Hook",
      "type": "equipment",
      "img": "icons/tools/hand/hook-spikes-steel.webp",
      "system": {
        "description": "<p>A metal hook designed to be attached to a rope for scaling walls or crossing gaps.</p>",
        "category": "survival",
        "weight": 1,
        "cost": {
          "pounds": 1,
          "shillings": 0,
          "pence": 0
        }
      }
    },
    {
      "_id": "umequip008",
      "name": "Lantern",
      "type": "equipment",
      "img": "icons/sundries/lights/lantern-iron-yellow.webp",
      "system": {
        "description": "<p>An oil lantern providing reliable light. Burns for approximately 4 hours on one flask of oil.</p>",
        "category": "survival",
        "weight": 1,
        "cost": {
          "pounds": 0,
          "shillings": 8,
          "pence": 0
        }
      }
    },
    {
      "_id": "umequip009",
      "name": "Oil Flask",
      "type": "equipment",
      "img": "icons/containers/kitchenware/jug-simple-brown-tan.webp",
      "system": {
        "description": "<p>A flask of lamp oil. Can also be used as an improvised incendiary weapon.</p>",
        "category": "survival",
        "uses": {
          "current": 1,
          "max": 1
        },
        "weight": 0.5,
        "cost": {
          "pounds": 0,
          "shillings": 1,
          "pence": 0
        }
      }
    },
    {
      "_id": "umequip010",
      "name": "Canteen",
      "type": "equipment",
      "img": "icons/sundries/survival/waterskin-leather-brown.webp",
      "system": {
        "description": "<p>A metal or leather canteen for carrying water.</p>",
        "category": "survival",
        "weight": 0.5,
        "cost": {
          "pounds": 0,
          "shillings": 3,
          "pence": 0
        }
      }
    },
    {
      "_id": "umequip011",
      "name": "Handcuffs",
      "type": "equipment",
      "img": "icons/tools/hand/chains-steel-grey.webp",
      "system": {
        "description": "<p>Standard police-issue handcuffs. Used to restrain suspects or prisoners.</p>",
        "category": "restraints",
        "weight": 0.5,
        "cost": {
          "pounds": 0,
          "shillings": 10,
          "pence": 0
        }
      }
    },
    {
      "_id": "umequip012",
      "name": "Manacles",
      "type": "equipment",
      "img": "icons/tools/hand/chains-steel-black.webp",
      "system": {
        "description": "<p>Heavy iron manacles for hands and feet. Much more secure than handcuffs.</p>",
        "category": "restraints",
        "weight": 2,
        "cost": {
          "pounds": 1,
          "shillings": 0,
          "pence": 0
        }
      }
    },
    {
      "_id": "umequip013",
      "name": "Holy Water",
      "type": "equipment",
      "img": "icons/consumables/potions/bottle-round-corked-blue.webp",
      "system": {
        "description": "<p>Water blessed by a priest. Effective against vampires and certain supernatural creatures. Can be thrown or applied directly.</p>",
        "category": "occult",
        "uses": {
          "current": 1,
          "max": 1
        },
        "weight": 0.5,
        "cost": {
          "pounds": 0,
          "shillings": 5,
          "pence": 0
        }
      }
    },
    {
      "_id": "umequip014",
      "name": "Wooden Stakes (6)",
      "type": "equipment",
      "img": "icons/weapons/staves/staff-simple-tapered.webp",
      "system": {
        "description": "<p>Sharpened wooden stakes for dispatching vampires. Can be driven through the heart to destroy or immobilize a vampire.</p>",
        "category": "occult",
        "uses": {
          "current": 6,
          "max": 6
        },
        "weight": 1,
        "cost": {
          "pounds": 0,
          "shillings": 2,
          "pence": 0
        }
      }
    },
    {
      "_id": "umequip015",
      "name": "Crucifix",
      "type": "equipment",
      "img": "icons/commodities/treasure/cross-wood-brown.webp",
      "system": {
        "description": "<p>A religious symbol that may ward off vampires and other unholy creatures. Effectiveness depends on the faith of the wielder.</p>",
        "category": "occult",
        "weight": 0.2,
        "cost": {
          "pounds": 0,
          "shillings": 3,
          "pence": 0
        }
      }
    },
    {
      "_id": "umequip016",
      "name": "Garlic (Head)",
      "type": "equipment",
      "img": "icons/consumables/vegetable/garlic-bulb-white.webp",
      "system": {
        "description": "<p>Traditional vampire deterrent. The scent is said to be offensive to vampires and may ward them off.</p>",
        "category": "occult",
        "uses": {
          "current": 1,
          "max": 1
        },
        "weight": 0.1,
        "cost": {
          "pounds": 0,
          "shillings": 0,
          "pence": 2
        }
      }
    },
    {
      "_id": "umequip017",
      "name": "Notebook & Pencil",
      "type": "equipment",
      "img": "icons/sundries/documents/document-sealed-signatures-red.webp",
      "system": {
        "description": "<p>A small notebook and pencil for taking notes, sketching, or recording observations.</p>",
        "category": "writing",
        "weight": 0.2,
        "cost": {
          "pounds": 0,
          "shillings": 1,
          "pence": 0
        }
      }
    },
    {
      "_id": "umequip018",
      "name": "Magnifying Glass",
      "type": "equipment",
      "img": "icons/tools/scribal/magnifying-glass.webp",
      "system": {
        "description": "<p>A quality magnifying glass for examining small details, evidence, or documents. Essential for detectives.</p>",
        "category": "investigation",
        "weight": 0.2,
        "cost": {
          "pounds": 0,
          "shillings": 10,
          "pence": 0
        }
      }
    },
    {
      "_id": "umequip019",
      "name": "Pocket Watch",
      "type": "equipment",
      "img": "icons/sundries/misc/pocketwatch-silver.webp",
      "system": {
        "description": "<p>A reliable pocket watch. Keeps accurate time and is a mark of respectability.</p>",
        "category": "personal",
        "weight": 0.2,
        "cost": {
          "pounds": 2,
          "shillings": 0,
          "pence": 0
        }
      }
    },
    {
      "_id": "umequip020",
      "name": "Calling Cards (20)",
      "type": "equipment",
      "img": "icons/sundries/documents/document-sealed-brown.webp",
      "system": {
        "description": "<p>Printed calling cards with the character's name and relevant details. Essential for social occasions among the middle and upper classes.</p>",
        "category": "social",
        "uses": {
          "current": 20,
          "max": 20
        },
        "weight": 0.1,
        "cost": {
          "pounds": 0,
          "shillings": 5,
          "pence": 0
        }
      }
    },
    {
      "_id": "umequip021",
      "name": "OUD License",
      "type": "equipment",
      "img": "icons/sundries/documents/document-sealed-signatures-blue.webp",
      "system": {
        "description": "<p>Official license from the Office of Urban Defence authorizing the bearer to hunt and destroy animates, vampires, and thropes for bounty. Must be renewed annually.</p>",
        "category": "legal",
        "weight": 0.1,
        "cost": {
          "pounds": 5,
          "shillings": 0,
          "pence": 0
        }
      }
    },
    {
      "_id": "umequip022",
      "name": "CID Credentials",
      "type": "equipment",
      "img": "icons/sundries/documents/document-sealed-signatures-red.webp",
      "system": {
        "description": "<p>Official credentials identifying the bearer as a detective of the Criminal Investigation Department. Grants authority to question witnesses and arrest suspects.</p>",
        "category": "legal",
        "weight": 0.1,
        "cost": {
          "pounds": 0,
          "shillings": 0,
          "pence": 0
        },
        "restricted": true
      }
    },
    {
      "_id": "umequip023",
      "name": "Collection Kit",
      "type": "equipment",
      "img": "icons/containers/bags/pack-leather-black.webp",
      "system": {
        "description": "<p>An Undertaker's collection kit containing tools for harvesting proof of kills - jars, preservation chemicals, labels, and a saw. Used to collect vampire fangs, animate teeth, or other evidence for bounty claims.</p>",
        "category": "professional",
        "weight": 3,
        "cost": {
          "pounds": 3,
          "shillings": 0,
          "pence": 0
        }
      }
    },
    {
      "_id": "umequip024",
      "name": "Cremation Tools",
      "type": "equipment",
      "img": "icons/tools/smithing/tongs-red-steel.webp",
      "system": {
        "description": "<p>Specialized tools used by Mourners for proper cremation and corpse disposal. Includes fire-starting materials, protective gloves, and ash collection vessels.</p>",
        "category": "professional",
        "weight": 5,
        "cost": {
          "pounds": 8,
          "shillings": 0,
          "pence": 0
        }
      }
    },
    {
      "_id": "umequip025",
      "name": "Whistle",
      "type": "equipment",
      "img": "icons/tools/instruments/pipe-wooden-tan.webp",
      "system": {
        "description": "<p>A police whistle used to summon assistance or signal an alarm. Can be heard for several blocks.</p>",
        "category": "signaling",
        "weight": 0.1,
        "cost": {
          "pounds": 0,
          "shillings": 1,
          "pence": 0
        }
      }
    },
    {
      "_id": "umequip026",
      "name": "Aetheric Monitor",
      "type": "equipment",
      "img": "icons/tools/instruments/gauge-brass-brown.webp",
      "system": {
        "description": "<p>A sensitive device that detects and measures aetheric energy fluctuations, used for grading psychics and detecting spectral activity. The monitor displays readings through a complex array of gauges and dials. Essential equipment for parapsychologists.</p>",
        "category": "aethertech",
        "weight": 5,
        "cost": {
          "pounds": 75,
          "shillings": 0,
          "pence": 0
        }
      }
    },
    {
      "_id": "umequip027",
      "name": "Spirit Lamp",
      "type": "equipment",
      "img": "icons/sundries/lights/candle-unlit-yellow.webp",
      "system": {
        "description": "<p>A specialized light source that reacts to spectral energy. The flame flickers blue or extinguishes entirely in the presence of ghosts. While not precise, it provides reliable warning of spiritual activity.</p>",
        "category": "aethertech",
        "weight": 1,
        "cost": {
          "pounds": 15,
          "shillings": 0,
          "pence": 0
        }
      }
    },
    {
      "_id": "umequip028",
      "name": "Alcott Jar",
      "type": "equipment",
      "img": "icons/containers/kitchenware/jar-glass-lid.webp",
      "system": {
        "description": "<p>An aetheric containment vessel capable of trapping weak spirits. Named after inventor Harold Alcott, these jars use a specialized galvanic field to prevent spectral entities from escaping. Can only contain spirits with Will 2 or less.</p>",
        "category": "aethertech",
        "weight": 2,
        "cost": {
          "pounds": 50,
          "shillings": 0,
          "pence": 0
        }
      }
    },
    {
      "_id": "umequip029",
      "name": "Aether Vault",
      "type": "equipment",
      "img": "icons/containers/boxes/box-gift-green.webp",
      "system": {
        "description": "<p>A large-scale containment unit for captured spirits. Aether vaults are installed in basements of parapsychological research facilities and spectral elimination firms. They can hold multiple spirits of moderate power indefinitely, provided the galvanic charge is maintained.</p>",
        "category": "aethertech",
        "weight": 500,
        "stationary": true,
        "cost": {
          "pounds": 500,
          "shillings": 0,
          "pence": 0
        }
      }
    },
    {
      "_id": "umequip030",
      "name": "Psi-Inhibitor (Dose)",
      "type": "equipment",
      "img": "icons/consumables/drinks/alcohol-syringe-glass-purple.webp",
      "system": {
        "description": "<p>A psychoactive drug that temporarily suppresses psychical powers. Administered by injection, one dose lasts 2d10 hours. The psychic suffers -2 on all Will rolls during this period but cannot use any psychical abilities.</p>",
        "category": "pharmaceutical",
        "uses": {
          "current": 1,
          "max": 1
        },
        "weight": 0.1,
        "restricted": true,
        "cost": {
          "pounds": 10,
          "shillings": 0,
          "pence": 0
        }
      }
    },
    {
      "_id": "umequip031",
      "name": "Psychoactive Film",
      "type": "equipment",
      "img": "icons/sundries/documents/blueprint-recipe-tan.webp",
      "system": {
        "description": "<p>Specially treated photographic film capable of capturing images of spirits and psychical phenomena. Develops normally but reveals spectral presences invisible to the naked eye. Each roll provides 12 exposures.</p>",
        "category": "aethertech",
        "uses": {
          "current": 12,
          "max": 12
        },
        "weight": 0.2,
        "cost": {
          "pounds": 5,
          "shillings": 0,
          "pence": 0
        }
      }
    },
    {
      "_id": "umequip032",
      "name": "Spirit Photography Camera",
      "type": "equipment",
      "img": "icons/tools/scribal/drawer-filing-beige.webp",
      "system": {
        "description": "<p>A modified camera designed to work with psychoactive film. The specialized lenses and aetheric calibrations ensure clear images of spectral phenomena. Requires psychoactive film to capture ghosts.</p>",
        "category": "aethertech",
        "weight": 3,
        "cost": {
          "pounds": 35,
          "shillings": 0,
          "pence": 0
        }
      }
    },
    {
      "_id": "umequip033",
      "name": "Oscillating Field Generator",
      "type": "equipment",
      "img": "icons/commodities/tech/bearing-steel-grey.webp",
      "system": {
        "description": "<p>A portable device that creates a localized aetheric field harmful to spirits. When activated, spirits within range suffer damage and find it difficult to manifest. Requires manual calibration using Parapsychology skill. Runs on galvanic batteries for 2 hours.</p>",
        "category": "aethertech",
        "weight": 8,
        "cost": {
          "pounds": 150,
          "shillings": 0,
          "pence": 0
        }
      }
    },
    {
      "_id": "umequip034",
      "name": "Séance Table",
      "type": "equipment",
      "img": "icons/environment/settlement/table-wood.webp",
      "system": {
        "description": "<p>A purpose-built table for conducting séances. The circular design and specialized construction enhance the medium's connection to the spirit world. Provides +1 to Second Sight rolls when properly used.</p>",
        "category": "aethertech",
        "weight": 50,
        "stationary": true,
        "cost": {
          "pounds": 25,
          "shillings": 0,
          "pence": 0
        }
      }
    },
    {
      "_id": "umequip035",
      "name": "Crystal Ball",
      "type": "equipment",
      "img": "icons/commodities/gems/pearl-white-orange.webp",
      "system": {
        "description": "<p>A polished crystal sphere used as a focus for psychical powers. Helps the user enter trances and provides +1 on Will rolls to enter trance states. While theatrical, many psychics find them genuinely useful.</p>",
        "category": "aethertech",
        "weight": 1,
        "cost": {
          "pounds": 15,
          "shillings": 0,
          "pence": 0
        }
      }
    },
    {
      "_id": "umequip036",
      "name": "Psychic License",
      "type": "equipment",
      "img": "icons/sundries/documents/document-sealed-red-tan.webp",
      "system": {
        "description": "<p>An official license issued by the Board of Psychical Health permitting the bearer to use their psychical abilities for profit. Must be renewed annually (cost £1/10s) and includes the psychic's grade classification.</p>",
        "category": "legal",
        "weight": 0.1,
        "cost": {
          "pounds": 1,
          "shillings": 10,
          "pence": 0
        },
        "restricted": true
      }
    },
    {
      "_id": "umequip037",
      "name": "Aetheric Dampening Pendant",
      "type": "equipment",
      "img": "icons/equipment/neck/pendant-crystal-white.webp",
      "system": {
        "description": "<p>A small pendant containing an aetheric dampening crystal. Provides some protection against psychic intrusion. The wearer gains +1 on contested Will rolls against psychic powers.</p>",
        "category": "aethertech",
        "weight": 0.2,
        "cost": {
          "pounds": 100,
          "shillings": 0,
          "pence": 0
        }
      }
    },
    {
      "_id": "umequip038",
      "name": "Galvanic Battery Pack",
      "type": "equipment",
      "img": "icons/commodities/tech/cog-parts-steel.webp",
      "system": {
        "description": "<p>A portable galvanic power source used to run aethertech devices. Provides 2 hours of continuous power for most devices. Rechargeable at any facility with galvanic equipment.</p>",
        "category": "aethertech",
        "weight": 3,
        "cost": {
          "pounds": 10,
          "shillings": 0,
          "pence": 0
        }
      }
    },
    {
      "_id": "umequip039",
      "name": "Exorcist's Kit",
      "type": "equipment",
      "img": "icons/containers/boxes/box-gift-blue.webp",
      "system": {
        "description": "<p>A comprehensive kit containing holy water, blessed salt, sacred texts, candles, and other items necessary for performing exorcisms. Essential for any practicing exorcist.</p>",
        "category": "professional",
        "weight": 4,
        "cost": {
          "pounds": 20,
          "shillings": 0,
          "pence": 0
        }
      }
    },
    {
      "_id": "umequip040",
      "name": "Holy Water (Vial)",
      "type": "equipment",
      "img": "icons/consumables/potions/bottle-round-corked-blue.webp",
      "system": {
        "description": "<p>Water blessed by an ordained priest. Causes pain to vampires and can be used in exorcism rituals. May disrupt some spectral manifestations.</p>",
        "category": "religious",
        "uses": {
          "current": 1,
          "max": 1
        },
        "weight": 0.2,
        "cost": {
          "pounds": 0,
          "shillings": 5,
          "pence": 0
        }
      }
    },
    {
      "_id": "umequip041",
      "name": "Blessed Salt",
      "type": "equipment",
      "img": "icons/consumables/food/salt-shaker-steel.webp",
      "system": {
        "description": "<p>Salt that has been consecrated by a priest. Used to create psychical barriers that spirits cannot easily cross. A line of salt can bar a doorway or seal a room.</p>",
        "category": "religious",
        "uses": {
          "current": 5,
          "max": 5
        },
        "weight": 0.5,
        "cost": {
          "pounds": 0,
          "shillings": 2,
          "pence": 0
        }
      }
    },
    {
      "_id": "umequip042",
      "name": "Opium Pipe",
      "type": "equipment",
      "img": "icons/tools/instruments/pipe-smoking-wood-tan.webp",
      "system": {
        "description": "<p>An ornate pipe used for smoking opium. Some psychics use opiates to dull their gifts or, controversially, to enhance their sensitivity. Highly addictive.</p>",
        "category": "personal",
        "weight": 0.2,
        "cost": {
          "pounds": 2,
          "shillings": 0,
          "pence": 0
        }
      }
    },
    {
      "_id": "umequip043",
      "name": "Opium (Dose)",
      "type": "equipment",
      "img": "icons/consumables/potions/bottle-round-corked-black.webp",
      "system": {
        "description": "<p>A dose of refined opium. When used, suppresses psychic backlash effects for 2d10 hours but inflicts -1 on all rolls. Highly addictive. Some psychics become dependent on it to control their powers.</p>",
        "category": "pharmaceutical",
        "uses": {
          "current": 1,
          "max": 1
        },
        "weight": 0.1,
        "addictive": true,
        "cost": {
          "pounds": 0,
          "shillings": 10,
          "pence": 0
        }
      }
    },
    {
      "_id": "umequip044",
      "name": "Morphine (Dose)",
      "type": "equipment",
      "img": "icons/consumables/drinks/alcohol-syringe-glass-clear.webp",
      "system": {
        "description": "<p>An extremely powerful and addictive painkiller derived from opium. Formulation: Ingested or injected. Reaction Time: Instantaneous when injected, 10+d10 minutes when ingested. Duration: 6 hours + 6d10 minutes.</p><p><strong>Effect:</strong> At the onset, the character must make a Vitality roll (DR 14). On failure, the character goes unconscious for the duration. On a critical failure, the character overdoses and dies. On success, the character enters a dull stupor, suffering -3 on Coordination, Wit, Will, Intellect, Charm, and Skill rolls (minimum Attribute 1).</p><p>Common side effects include nausea, dizziness, confusion, drowsiness, lethargy, constipation, itching, and sweating. If conscious, the character must make an additional Vitality roll (DR 14) or become nauseated and vomit profusely.</p>",
        "category": "pharmaceutical",
        "uses": {
          "current": 1,
          "max": 1
        },
        "weight": 0.1,
        "addictive": true,
        "cost": {
          "pounds": 0,
          "shillings": 8,
          "pence": 0
        }
      }
    },
    {
      "_id": "umequip045",
      "name": "Chloroform (Bottle)",
      "type": "equipment",
      "img": "icons/consumables/potions/bottle-round-corked-yellow.webp",
      "system": {
        "description": "<p>A common but dangerous Neo-Victorian anaesthetic. Despite being a known carcinogen, it remains widely used due to its low cost. Generally applied to a cloth and pressed to the face.</p><p><strong>Effect:</strong> After 2 minutes of inhalation, the target must make a Vitality roll (DR 14). On success, they remain conscious but must roll again every 10 seconds if exposure persists. On failure, the world grows darker but they remain conscious until failing a number of rolls equal to their Vitality. On a critical failure, the character suffers cardiac arrhythmia and dies.</p><p>Once unconscious, the target remains so for 10+d10 minutes after exposure ends. Upon waking, suffer -2 on all rolls for 3d10 minutes while the drug wears off.</p>",
        "category": "pharmaceutical",
        "uses": {
          "current": 5,
          "max": 5
        },
        "weight": 0.5,
        "cost": {
          "pounds": 0,
          "shillings": 15,
          "pence": 0
        }
      }
    },
    {
      "_id": "umequip046",
      "name": "Stitch (Dose)",
      "type": "equipment",
      "img": "icons/consumables/drinks/alcohol-syringe-glass-red.webp",
      "system": {
        "description": "<p>A powerful emergency medical stimulant administered by injection. Commonly carried by doctors and field medics for treating severe trauma.</p><p><strong>Effect:</strong> Instantly stabilizes a dying character. Provides +2 to wound treatment rolls. Halves recovery time for treated wounds. The drug is non-addictive but expensive.</p>",
        "category": "pharmaceutical",
        "uses": {
          "current": 1,
          "max": 1
        },
        "weight": 0.1,
        "cost": {
          "pounds": 1,
          "shillings": 0,
          "pence": 0
        }
      }
    },
    {
      "_id": "umequip047",
      "name": "Ether (Bottle)",
      "type": "equipment",
      "img": "icons/consumables/potions/bottle-round-corked-blue-white.webp",
      "system": {
        "description": "<p>A safer but more expensive anaesthetic than chloroform. Administered by inhalation, ether is the preferred choice for surgeries among the middle and upper classes.</p><p><strong>Effect:</strong> After 3 minutes of inhalation, the target must make a Vitality roll (DR 12). On failure, the character falls unconscious for 20+2d10 minutes. On success, they must continue rolling every minute if exposure persists. Ether does not carry the same cardiac risks as chloroform.</p>",
        "category": "pharmaceutical",
        "uses": {
          "current": 5,
          "max": 5
        },
        "weight": 0.5,
        "cost": {
          "pounds": 1,
          "shillings": 0,
          "pence": 0
        }
      }
    },
    {
      "_id": "umequip048",
      "name": "Skull Crusher",
      "type": "equipment",
      "img": "icons/weapons/daggers/dagger-curved-bronze-gold.webp",
      "system": {
        "description": "<p>A heavy brass-knuckled knife favored by street criminals. The weighted grip allows devastating punches while the blade offers cutting power.</p><p><strong>Melee:</strong> +2 damage. <strong>Unarmed:</strong> +1 damage. Provides +2 DR to knockout resistance when gripping the weapon.</p>",
        "category": "weapon",
        "weight": 0.8,
        "cost": {
          "pounds": 2,
          "shillings": 10,
          "pence": 0
        }
      }
    },
    {
      "_id": "umequip049",
      "name": "Exculpus",
      "type": "equipment",
      "img": "icons/weapons/swords/sword-guard-gold.webp",
      "system": {
        "description": "<p>The trademark weapon of Mourners. A heavy, long, and razor-sharp knife designed specifically for decapitation. In the hands of a trained Mourner, this weapon can be far deadlier than any firearm.</p><p><strong>Damage:</strong> +3. Mourners may add their Melee Weapon skill to Initiative rolls when wielding an Exculpus.</p>",
        "category": "weapon",
        "weight": 1.5,
        "cost": {
          "pounds": 15,
          "shillings": 0,
          "pence": 0
        },
        "restricted": true
      }
    },
    {
      "_id": "umequip050",
      "name": "Derringer",
      "type": "equipment",
      "img": "icons/weapons/guns/gun-pistol-flintlock-gold.webp",
      "system": {
        "description": "<p>A small, easily concealed single-shot pistol. Popular among gamblers, criminals, and those who need a discrete backup weapon.</p><p><strong>Skill:</strong> Pistol. <strong>Ammo:</strong> 1. <strong>Maximum Range:</strong> 50 feet. <strong>Damage Modifier:</strong> +5. Reloading takes 1 action.</p>",
        "category": "weapon",
        "weight": 0.4,
        "cost": {
          "pounds": 8,
          "shillings": 0,
          "pence": 0
        }
      }
    },
    {
      "_id": "umequip051",
      "name": "Angel (Dose)",
      "type": "equipment",
      "img": "icons/consumables/potions/bottle-round-corked-pink.webp",
      "system": {
        "description": "<p>A highly addictive narcotic popular among Neo-Victorian thrill-seekers and decadents. Produces euphoria, enhanced sensations, and hallucinations.</p><p><strong>Effect:</strong> Duration 2d10 hours. The user gains +1 on Charm rolls but suffers -2 on Wit, Intellect, and Will rolls. Highly addictive—after regular use, the character must make a Will roll (DR 14) to avoid addiction.</p>",
        "category": "pharmaceutical",
        "uses": {
          "current": 1,
          "max": 1
        },
        "weight": 0.1,
        "addictive": true,
        "illegal": true,
        "cost": {
          "pounds": 5,
          "shillings": 0,
          "pence": 0
        }
      }
    },
    {
      "_id": "umequip052",
      "name": "Smelling Salts (Bottle)",
      "type": "equipment",
      "img": "icons/consumables/potions/bottle-round-corked-white.webp",
      "system": {
        "description": "<p>Ammonium carbonate salts used to revive those who have fainted or lost consciousness. Hold under the nose to restore awareness. Does not work against drug-induced unconsciousness.</p>",
        "category": "pharmaceutical",
        "uses": {
          "current": 10,
          "max": 10
        },
        "weight": 0.2,
        "cost": {
          "pounds": 0,
          "shillings": 5,
          "pence": 0
        }
      }
    },
    {
      "_id": "umequip053",
      "name": "Aether Monitor",
      "type": "equipment",
      "img": "icons/tools/instruments/meter-dial-brown.webp",
      "system": {
        "description": "<p>A delicate instrument that detects fluctuations in the aetheric field. Used by parapsychologists to detect spectral presences. The needle swings wildly in the presence of ghosts or active psychic powers. Essential equipment for any ghost hunter.</p>",
        "category": "aethertech",
        "weight": 1.5,
        "cost": {
          "pounds": 35,
          "shillings": 0,
          "pence": 0
        },
        "restricted": false
      }
    },
    {
      "_id": "umequip054",
      "name": "Aether Vault (Alcott Jar)",
      "type": "equipment",
      "img": "icons/containers/kitchenware/jar-covered-glass-teal.webp",
      "system": {
        "description": "<p>An aetheric containment device developed by Byron James Alcott. Uses a galvanic field to trap spectral entities within its crystalline structure. The trapped spirit remains conscious but unable to manifest. Each vault can hold one spirit indefinitely.</p>",
        "category": "aethertech",
        "weight": 5,
        "cost": {
          "pounds": 150,
          "shillings": 0,
          "pence": 0
        },
        "restricted": true
      }
    },
    {
      "_id": "umequip055",
      "name": "Spirit Lamp",
      "type": "equipment",
      "img": "icons/sundries/lights/lantern-iron-yellow.webp",
      "system": {
        "description": "<p>A specialized lantern that reveals spectral phenomena invisible to the naked eye. The lamp emits a pale blue light that causes ghosts and ectoplasmic residue to become visible. Essential for investigators working in haunted locations.</p>",
        "category": "aethertech",
        "weight": 2,
        "cost": {
          "pounds": 25,
          "shillings": 0,
          "pence": 0
        },
        "restricted": false
      }
    },
    {
      "_id": "umequip056",
      "name": "Psychoactive Film",
      "type": "equipment",
      "img": "icons/sundries/documents/blueprint-magical-sky.webp",
      "system": {
        "description": "<p>Specially treated photographic film capable of capturing images of spectral entities and aetheric phenomena. Each roll contains 12 exposures. The developed images may reveal ghosts, psychic auras, and other supernatural phenomena invisible to the eye.</p>",
        "category": "aethertech",
        "uses": {
          "current": 12,
          "max": 12
        },
        "weight": 0.1,
        "cost": {
          "pounds": 5,
          "shillings": 0,
          "pence": 0
        },
        "restricted": false
      }
    },
    {
      "_id": "umequip057",
      "name": "Spirit Board (Ouija)",
      "type": "equipment",
      "img": "icons/sundries/gaming/chess-pawn-white.webp",
      "system": {
        "description": "<p>A lettered board used to communicate with spirits. While anyone can use a spirit board, only true mediums can reliably contact specific entities. Using a spirit board without proper training can attract unwanted attention from malicious spirits.</p>",
        "category": "aethertech",
        "weight": 1,
        "cost": {
          "pounds": 2,
          "shillings": 0,
          "pence": 0
        },
        "restricted": false
      }
    },
    {
      "_id": "umequip058",
      "name": "Aetheric Dampener",
      "type": "equipment",
      "img": "icons/commodities/tech/cog-brass.webp",
      "system": {
        "description": "<p>A device that creates a field suppressing psychic and spectral activity within a 10-foot radius. Reduces the effectiveness of psychic powers and weakens spectral manifestations. Used by Psi Branch to contain dangerous psychics and haunted locations.</p>",
        "category": "aethertech",
        "weight": 8,
        "cost": {
          "pounds": 200,
          "shillings": 0,
          "pence": 0
        },
        "restricted": true
      }
    },
    {
      "_id": "umequip059",
      "name": "Psi-Inhibitor Collar",
      "type": "equipment",
      "img": "icons/equipment/neck/collar-studded-silver.webp",
      "system": {
        "description": "<p>A restraining device worn around the neck that suppresses psychic abilities. Used by Psi Branch to control dangerous or unlicensed psychics. The collar causes intense pain if the wearer attempts to use their powers. Removal without the key triggers an electric shock.</p>",
        "category": "aethertech",
        "weight": 0.5,
        "cost": {
          "pounds": 100,
          "shillings": 0,
          "pence": 0
        },
        "restricted": true
      }
    },
    {
      "_id": "umequip060",
      "name": "Ectoplasmic Residue Kit",
      "type": "equipment",
      "img": "icons/tools/laboratory/vials-blue-green.webp",
      "system": {
        "description": "<p>A forensic kit for collecting and analyzing ectoplasmic residue left behind by spectral manifestations. Contains sample vials, detection chemicals, and an analysis chart. Essential for determining the strength and nature of a haunting.</p>",
        "category": "aethertech",
        "weight": 2,
        "cost": {
          "pounds": 15,
          "shillings": 0,
          "pence": 0
        },
        "restricted": false
      }
    },
    {
      "_id": "umequip061",
      "name": "Medium's Crystal",
      "type": "equipment",
      "img": "icons/commodities/gems/gem-faceted-round-white.webp",
      "system": {
        "description": "<p>A specially prepared quartz crystal used by mediums to focus their Second Sight abilities. Grants +1 to Second Sight power rolls when held during a séance or spirit communication attempt. Must be cleansed regularly with salt water.</p>",
        "category": "aethertech",
        "weight": 0.2,
        "cost": {
          "pounds": 10,
          "shillings": 0,
          "pence": 0
        },
        "restricted": false
      }
    },
    {
      "_id": "umequip062",
      "name": "Galvanic Torch",
      "type": "equipment",
      "img": "icons/sundries/lights/torch-brown-lit.webp",
      "system": {
        "description": "<p>An electric torch powered by galvanic cells. Provides bright, reliable illumination without the fire risk of traditional lanterns. Standard issue for police, military, and those who venture into the dark places of the metropolis.</p>",
        "category": "tools",
        "weight": 0.5,
        "cost": {
          "pounds": 3,
          "shillings": 0,
          "pence": 0
        },
        "restricted": false
      }
    },
    {
      "_id": "umequip063",
      "name": "Séance Table",
      "type": "equipment",
      "img": "icons/sundries/misc/chest-runed-brown-tan.webp",
      "system": {
        "description": "<p>A specially constructed table designed for spirit communication. The circular surface is inscribed with protective runes and aetheric focusing patterns. Grants +1 to séance attempts when properly used. Too large to transport easily.</p>",
        "category": "aethertech",
        "weight": 50,
        "cost": {
          "pounds": 75,
          "shillings": 0,
          "pence": 0
        },
        "restricted": false
      }
    },
    {
      "_id": "umequip064",
      "name": "Aether Pistol",
      "type": "equipment",
      "img": "icons/weapons/guns/gun-pistol-flintlock-metal.webp",
      "system": {
        "description": "<p>A compact weapon that fires concentrated aetheric pulses. Unlike conventional firearms, aether pistols can harm spirits directly. The distinctive blue-white discharge is accompanied by a low hum. Requires galvanic battery pack.</p>",
        "category": "aethertech-weapon",
        "damage": "+4 (spirits), +2 (living)",
        "range": "30 feet",
        "weight": 2,
        "cost": {
          "pounds": 200,
          "shillings": 0,
          "pence": 0
        },
        "restricted": true,
        "notes": "Effective against spirits. 10 shots per battery. Spirits must make Will roll or be dispersed for 1d6 rounds."
      }
    },
    {
      "_id": "umequip065",
      "name": "Aether Rifle",
      "type": "equipment",
      "img": "icons/weapons/guns/gun-blunderbuss-bronze.webp",
      "system": {
        "description": "<p>A long-barreled weapon that projects a focused beam of aetheric energy. Used by Psi Branch and parapsychologists for dealing with powerful spectral threats. The beam is visible as a shimmering distortion in the air.</p>",
        "category": "aethertech-weapon",
        "damage": "+6 (spirits), +3 (living)",
        "range": "100 feet",
        "weight": 5,
        "cost": {
          "pounds": 400,
          "shillings": 0,
          "pence": 0
        },
        "restricted": true,
        "notes": "Effective against spirits. 8 shots per battery. Spirits suffer -2 on Will rolls to resist dispersal."
      }
    },
    {
      "_id": "umequip066",
      "name": "Spirit Cage",
      "type": "equipment",
      "img": "icons/sundries/lights/lantern-iron-yellow.webp",
      "system": {
        "description": "<p>A portable containment device resembling an ornate lantern. When activated, it can trap weakened spirits within its aetheric field. The trapped spirit remains visible as a swirling mist within the cage.</p>",
        "category": "aethertech",
        "weight": 3,
        "cost": {
          "pounds": 150,
          "shillings": 0,
          "pence": 0
        },
        "restricted": true,
        "notes": "Can contain one spirit with Will 3 or less. Higher Will spirits may break free (contested roll vs device rating 5)."
      }
    },
    {
      "_id": "umequip067",
      "name": "Aether Blade",
      "type": "equipment",
      "img": "icons/weapons/swords/sword-guard-blue.webp",
      "system": {
        "description": "<p>A melee weapon enhanced with oscillating aetheric field generators. The blade's edge shimmers with spectral energy, allowing it to cut both flesh and spirit. Favored by exorcists and medium hunters.</p>",
        "category": "aethertech-weapon",
        "damage": "+3 (all targets)",
        "weight": 2,
        "cost": {
          "pounds": 250,
          "shillings": 0,
          "pence": 0
        },
        "restricted": true,
        "notes": "Damages spirits as normal attacks. +2 damage vs spirits. Requires battery replacement every 4 hours of use."
      }
    },
    {
      "_id": "umequip068",
      "name": "Spectral Grenade",
      "type": "equipment",
      "img": "icons/weapons/thrown/bomb-round-gray.webp",
      "system": {
        "description": "<p>An explosive device designed to disperse spirits over a wide area. On detonation, it releases a burst of oscillating aetheric energy that forces spirits to dematerialize.</p>",
        "category": "aethertech-weapon",
        "damage": "+8 (spirits only)",
        "range": "Thrown, 15 ft radius",
        "weight": 0.5,
        "cost": {
          "pounds": 50,
          "shillings": 0,
          "pence": 0
        },
        "restricted": true,
        "notes": "No damage to living targets. All spirits in radius make Will roll (DR 14) or dispersed for 1 hour. Single use."
      }
    },
    {
      "_id": "umequip069",
      "name": "Psi-Inhibitor Collar",
      "type": "equipment",
      "img": "icons/equipment/neck/collar-rounded-gold-red.webp",
      "system": {
        "description": "<p>A restraining device that suppresses psychic abilities. Locked around the neck, it generates a dampening field that prevents the wearer from using any psychical powers. Standard issue for psychic containment facilities.</p>",
        "category": "aethertech",
        "weight": 1,
        "cost": {
          "pounds": 500,
          "shillings": 0,
          "pence": 0
        },
        "restricted": true,
        "notes": "Wearer cannot use psychic powers. -4 on attempts to remove without key. Battery lasts 72 hours."
      }
    },
    {
      "_id": "umequip070",
      "name": "Aetheric Amplifier",
      "type": "equipment",
      "img": "icons/commodities/tech/tube-chamber-lightning.webp",
      "system": {
        "description": "<p>A device that enhances psychic abilities by amplifying the user's aetheric resonance. Dangerous if overused, as it can accelerate mental deterioration. Used by desperate psychics or those seeking short-term power boosts.</p>",
        "category": "aethertech",
        "weight": 2,
        "cost": {
          "pounds": 300,
          "shillings": 0,
          "pence": 0
        },
        "restricted": true,
        "notes": "+2 on psychic power rolls. Each use requires control check. On failure, gain 1 Instability Point. Battery lasts 1 hour."
      }
    },
    {
      "_id": "umequip071",
      "name": "Psi-Suppressor Drug (Lethe)",
      "type": "equipment",
      "img": "icons/consumables/potions/bottle-round-corked-purple.webp",
      "system": {
        "description": "<p>A psychoactive compound that temporarily suppresses psychic abilities. Used to control dangerous psychics and treat acute psychic episodes. Side effects include drowsiness, memory impairment, and emotional numbness.</p>",
        "category": "pharmaceutical",
        "uses": {
          "current": 5,
          "max": 5
        },
        "weight": 0.2,
        "cost": {
          "pounds": 5,
          "shillings": 0,
          "pence": 0
        },
        "restricted": true,
        "notes": "Suppresses psychic powers for 4 hours. -2 on Will and Wit rolls while active. Injectable or oral."
      }
    },
    {
      "_id": "umequip072",
      "name": "Clarity Serum",
      "type": "equipment",
      "img": "icons/consumables/potions/bottle-round-corked-blue.webp",
      "system": {
        "description": "<p>A compound that temporarily stabilizes the psychic mind, reducing the risk of mental breakdown. Highly addictive. Many psychics become dependent on regular doses to maintain functionality.</p>",
        "category": "pharmaceutical",
        "uses": {
          "current": 5,
          "max": 5
        },
        "weight": 0.2,
        "cost": {
          "pounds": 10,
          "shillings": 0,
          "pence": 0
        },
        "restricted": true,
        "notes": "+2 on control checks for 2 hours. Highly addictive (Will DR 14 after 3 uses). Withdrawal causes -2 on all psychic rolls."
      }
    },
    {
      "_id": "umequip073",
      "name": "Veridian Extract",
      "type": "equipment",
      "img": "icons/consumables/potions/bottle-round-corked-green.webp",
      "system": {
        "description": "<p>A rare alchemical preparation derived from plants grown in spiritually active locations. Opens the mind to supernatural perception, granting temporary sensitivity to spirits.</p>",
        "category": "pharmaceutical",
        "uses": {
          "current": 3,
          "max": 3
        },
        "weight": 0.2,
        "cost": {
          "pounds": 25,
          "shillings": 0,
          "pence": 0
        },
        "restricted": false,
        "notes": "Non-psychics can see spirits for 1 hour. Side effects: nausea, hallucinations. Will roll (DR 11) or suffer -1 on all rolls while active."
      }
    },
    {
      "_id": "umequip074",
      "name": "Awakening Tincture",
      "type": "equipment",
      "img": "icons/consumables/potions/bottle-round-corked-yellow.webp",
      "system": {
        "description": "<p>An extremely dangerous compound that has been known to trigger latent psychic abilities. Most who take it suffer only violent hallucinations and temporary psychosis. A rare few awaken to true power.</p>",
        "category": "pharmaceutical",
        "uses": {
          "current": 1,
          "max": 1
        },
        "weight": 0.1,
        "cost": {
          "pounds": 100,
          "shillings": 0,
          "pence": 0
        },
        "restricted": true,
        "notes": "Extremely dangerous. Will roll (DR 16). Failure: 1d6 days of psychosis. Critical failure: permanent minor mental disorder. Success: GM may grant latent psychic potential."
      }
    },
    {
      "_id": "umequip075",
      "name": "Morpheus Compound",
      "type": "equipment",
      "img": "icons/consumables/potions/bottle-bulb-corked-gray.webp",
      "system": {
        "description": "<p>A sedative specifically formulated for psychics. Induces deep dreamless sleep that prevents unconscious psychic manifestations. Standard issue for psychiatric facilities housing dangerous patients.</p>",
        "category": "pharmaceutical",
        "uses": {
          "current": 5,
          "max": 5
        },
        "weight": 0.2,
        "cost": {
          "pounds": 8,
          "shillings": 0,
          "pence": 0
        },
        "restricted": true,
        "notes": "Target sleeps for 8 hours. Cannot use psychic powers while sedated. Vitality roll (DR 14) to resist."
      }
    },
    {
      "_id": "umequip076",
      "name": "Prosthetic Hand (Mechanical)",
      "type": "equipment",
      "img": "icons/equipment/hand/gauntlet-armored-steel.webp",
      "system": {
        "description": "<p>A mechanical replacement for a lost hand. Operated by cables connected to the remaining arm muscles. Functional but lacks fine motor control. Requires regular maintenance and lubrication.</p>",
        "category": "prosthetic",
        "weight": 2,
        "cost": {
          "pounds": 50,
          "shillings": 0,
          "pence": 0
        },
        "restricted": false,
        "notes": "Restores basic hand function. -2 on fine manipulation tasks. Grip strength equal to Vitality."
      }
    },
    {
      "_id": "umequip077",
      "name": "Prosthetic Hand (Galvanic)",
      "type": "equipment",
      "img": "icons/equipment/hand/gauntlet-armored-engraved-gold.webp",
      "system": {
        "description": "<p>An advanced prosthetic hand powered by galvanic impulses. Responds to nerve signals from the stump, providing near-natural movement and sensation. Requires weekly recharging.</p>",
        "category": "prosthetic",
        "weight": 2,
        "cost": {
          "pounds": 300,
          "shillings": 0,
          "pence": 0
        },
        "restricted": false,
        "notes": "Full hand function restored. No penalties on manipulation. +1 grip strength. Vulnerable to EMP effects."
      }
    },
    {
      "_id": "umequip078",
      "name": "Prosthetic Arm (Mechanical)",
      "type": "equipment",
      "img": "icons/equipment/hand/gauntlet-plate-gold.webp",
      "system": {
        "description": "<p>A full mechanical arm replacement operated by shoulder movements and a harness system. Provides basic function but significant limitations on fine control and range of motion.</p>",
        "category": "prosthetic",
        "weight": 6,
        "cost": {
          "pounds": 150,
          "shillings": 0,
          "pence": 0
        },
        "restricted": false,
        "notes": "Restores basic arm function. -2 on tasks requiring arm. -1 Coordination with that arm. Can be reinforced for +1 melee damage."
      }
    },
    {
      "_id": "umequip079",
      "name": "Prosthetic Arm (Galvanic)",
      "type": "equipment",
      "img": "icons/equipment/hand/gauntlet-segmented-gold-orange.webp",
      "system": {
        "description": "<p>A sophisticated galvanic-powered arm with articulated joints and electrical nerve interfaces. Provides near-natural function with enhanced strength. The pinnacle of Neo-Victorian prosthetic engineering.</p>",
        "category": "prosthetic",
        "weight": 5,
        "cost": {
          "pounds": 800,
          "shillings": 0,
          "pence": 0
        },
        "restricted": false,
        "notes": "Full arm function. +1 Vitality for lifting/carrying. +1 unarmed damage. Vulnerable to EMP. Weekly recharge required."
      }
    },
    {
      "_id": "umequip080",
      "name": "Prosthetic Leg (Mechanical)",
      "type": "equipment",
      "img": "icons/equipment/leg/pants-armored-leather.webp",
      "system": {
        "description": "<p>A mechanical leg replacement with a hinged knee and adjustable foot. Allows walking with a noticeable limp. Requires a cane for stability during the first months of use.</p>",
        "category": "prosthetic",
        "weight": 8,
        "cost": {
          "pounds": 100,
          "shillings": 0,
          "pence": 0
        },
        "restricted": false,
        "notes": "Restores walking ability. -1 on running/jumping. Cannot sprint. Recognizable limp."
      }
    },
    {
      "_id": "umequip081",
      "name": "Prosthetic Leg (Galvanic)",
      "type": "equipment",
      "img": "icons/equipment/leg/greaves-armored-gold.webp",
      "system": {
        "description": "<p>An advanced galvanic leg prosthetic with powered joints and balance sensors. Provides nearly natural gait and full mobility. Some models include concealed storage compartments.</p>",
        "category": "prosthetic",
        "weight": 6,
        "cost": {
          "pounds": 600,
          "shillings": 0,
          "pence": 0
        },
        "restricted": false,
        "notes": "Full leg function. No movement penalties. May have concealed compartment. Vulnerable to EMP. Weekly recharge required."
      }
    },
    {
      "_id": "umequip082",
      "name": "Prosthetic Eye (Glass)",
      "type": "equipment",
      "img": "icons/commodities/gems/gem-faceted-round-blue.webp",
      "system": {
        "description": "<p>A cosmetic glass eye to replace a lost organ. Provides no vision but maintains normal appearance. Custom-painted to match the remaining eye.</p>",
        "category": "prosthetic",
        "weight": 0.1,
        "cost": {
          "pounds": 5,
          "shillings": 0,
          "pence": 0
        },
        "restricted": false,
        "notes": "Cosmetic only. No vision. Removes social penalty from missing eye."
      }
    },
    {
      "_id": "umequip083",
      "name": "Prosthetic Eye (Galvanic)",
      "type": "equipment",
      "img": "icons/commodities/gems/gem-faceted-round-red.webp",
      "system": {
        "description": "<p>An advanced galvanic eye that interfaces with the optic nerve. Provides basic vision in shades of grey, with optional enhancements like magnification or low-light capability.</p>",
        "category": "prosthetic",
        "weight": 0.1,
        "cost": {
          "pounds": 500,
          "shillings": 0,
          "pence": 0
        },
        "restricted": false,
        "notes": "Restores vision (greyscale). Optional: 2× magnification (+50£), low-light vision (+100£). Distinctive appearance. Vulnerable to EMP."
      }
    },
    {
      "_id": "umequip084",
      "name": "Ticker (Prosthetic Heart)",
      "type": "equipment",
      "img": "icons/commodities/tech/cog-brass.webp",
      "system": {
        "description": "<p>A mechanical heart that replaces a failing organic one. Requires regular winding (every 8 hours) to maintain function. The distinctive ticking is audible to those nearby. Only installed by the most skilled surgeons.</p>",
        "category": "prosthetic",
        "weight": 1,
        "cost": {
          "pounds": 2000,
          "shillings": 0,
          "pence": 0
        },
        "restricted": true,
        "notes": "Replaces heart function. Must be wound every 8 hours or suffer increasing Vitality penalties. Surgery has 20% mortality rate. Distinctive ticking sound."
      }
    },
    {
      "_id": "umequip085",
      "name": "Prosthetic Lung (Bellows)",
      "type": "equipment",
      "img": "icons/commodities/tech/bellows-wood-grey.webp",
      "system": {
        "description": "<p>A mechanical breathing apparatus that supplements or replaces damaged lungs. The visible bellows apparatus is worn on the chest and operates with a rhythmic wheezing sound.</p>",
        "category": "prosthetic",
        "weight": 4,
        "cost": {
          "pounds": 800,
          "shillings": 0,
          "pence": 0
        },
        "restricted": true,
        "notes": "Replaces lung function. -1 on endurance tests. Cannot run for extended periods. Visible external apparatus. Immune to poison gas."
      }
    },
    {
      "_id": "umequip086",
      "name": "Reinforced Skeleton Graft",
      "type": "equipment",
      "img": "icons/commodities/bones/bones-stack-tan.webp",
      "system": {
        "description": "<p>Steel plates and rods grafted to the skeleton to reinforce weak or damaged bones. Provides significant protection against fractures but adds considerable weight and reduces flexibility.</p>",
        "category": "prosthetic",
        "weight": 10,
        "cost": {
          "pounds": 1000,
          "shillings": 0,
          "pence": 0
        },
        "restricted": true,
        "notes": "Immune to bone fractures. +1 armor to all locations. -1 Coordination. +10% body weight. Surgery has 15% complication rate."
      }
    },
    {
      "_id": "umequip087",
      "name": "Neural Amplifier Implant",
      "type": "equipment",
      "img": "icons/commodities/tech/bearing-gold.webp",
      "system": {
        "description": "<p>A small device implanted at the base of the skull that enhances neural conductivity. Originally designed for psychics, it can improve reflexes and mental acuity in anyone. Risk of seizures if damaged.</p>",
        "category": "prosthetic",
        "weight": 0.2,
        "cost": {
          "pounds": 1500,
          "shillings": 0,
          "pence": 0
        },
        "restricted": true,
        "notes": "+1 Wit or +1 on psychic power rolls (choose at installation). Critical head hits cause seizures (Vitality DR 14). Surgery has 10% complication rate."
      }
    },
    {
      "_id": "umequip088",
      "name": "Adrenaline Injector Implant",
      "type": "equipment",
      "img": "icons/consumables/drinks/vial-cork-red.webp",
      "system": {
        "description": "<p>A small reservoir and injector implanted in the torso that can release a surge of synthetic adrenaline on command. Provides a temporary boost to physical abilities at the cost of later exhaustion.</p>",
        "category": "prosthetic",
        "weight": 0.5,
        "cost": {
          "pounds": 400,
          "shillings": 0,
          "pence": 0
        },
        "restricted": true,
        "notes": "Activation: +1 Vitality, +1 Coordination for 10 minutes. Afterward: -2 on all physical rolls for 1 hour. 3 doses before refill needed (50£)."
      }
    }
  ]
}