{
  "metadata": {
    "id": "macros",
    "label": "macros",
    "type": "world",
    "package": "RNK",
    "path": "packs/macros.db",
    "name": "macros"
  },
  "entries": [
    {
      "name": "Roll Hit Location",
      "type": "script",
      "scope": "global",
      "command": "// Roll Hit Location for Unhallowed Metropolis\nconst roll = await new Roll('1d10').evaluate();\nconst result = roll.total;\n\nlet location = 'Torso';\nif (result === 1) location = 'Head';\nelse if (result <= 3) location = 'Right Arm';\nelse if (result <= 5) location = 'Left Arm';\nelse if (result <= 7) location = 'Torso';\nelse if (result <= 9) location = 'Right Leg';\nelse location = 'Left Leg';\n\nChatMessage.create({\n  content: `<div class=\"um-hit-location\"><h4>Hit Location</h4><div class=\"location\">${location}</div><div class=\"roll\">(rolled ${result})</div></div>`,\n  speaker: ChatMessage.getSpeaker()\n});",
      "img": "icons/skills/targeting/crosshair-pointed-orange.webp"
    },
    {
      "name": "Quick Skill Roll",
      "type": "script",
      "scope": "global",
      "command": "// Quick Skill Roll with Target Number Selection\nconst actor = game.user?.character || canvas.tokens?.controlled[0]?.actor;\n\nif (!actor) {\n  ui.notifications.warn('Select a token or set a default character.');\n  return;\n}\n\nconst skills = Object.entries(CONFIG.UM?.skills || {}).map(([key, data]) => {\n  return `<option value=\"${key}\">${data.label}</option>`;\n}).join('');\n\nconst content = `\n<form>\n  <div class=\"form-group\">\n    <label>Skill</label>\n    <select name=\"skill\">${skills}</select>\n  </div>\n  <div class=\"form-group\">\n    <label>Target Number</label>\n    <select name=\"tn\">\n      <option value=\"7\">Very Easy (7)</option>\n      <option value=\"11\">Easy (11)</option>\n      <option value=\"15\" selected>Average (15)</option>\n      <option value=\"19\">Challenging (19)</option>\n      <option value=\"23\">Difficult (23)</option>\n      <option value=\"27\">Extreme (27)</option>\n    </select>\n  </div>\n  <div class=\"form-group\">\n    <label>Modifier</label>\n    <input type=\"number\" name=\"modifier\" value=\"0\"/>\n  </div>\n</form>\n`;\n\nnew Dialog({\n  title: 'Quick Skill Roll',\n  content,\n  buttons: {\n    roll: {\n      label: 'Roll',\n      callback: async (html) => {\n        const skill = html.find('[name=skill]').val();\n        const tn = parseInt(html.find('[name=tn]').val());\n        const mod = parseInt(html.find('[name=modifier]').val()) || 0;\n        await actor.rollSkill(skill, { targetNumber: tn, bonus: mod });\n      }\n    }\n  }\n}).render(true);",
      "img": "icons/skills/trades/academics-study-reading-book.webp"
    },
    {
      "name": "Apply Damage to Target",
      "type": "script",
      "scope": "global",
      "command": "// Apply Damage to Selected Token\nconst token = canvas.tokens?.controlled[0];\n\nif (!token) {\n  ui.notifications.warn('Select a token to apply damage.');\n  return;\n}\n\nconst content = `\n<form>\n  <div class=\"form-group\">\n    <label>Damage Amount</label>\n    <input type=\"number\" name=\"damage\" value=\"5\"/>\n  </div>\n  <div class=\"form-group\">\n    <label>Damage Type</label>\n    <select name=\"type\">\n      <option value=\"lethal\">Lethal</option>\n      <option value=\"bashing\">Bashing</option>\n      <option value=\"aggravated\">Aggravated</option>\n    </select>\n  </div>\n  <div class=\"form-group\">\n    <label>Apply to Hit Location?</label>\n    <input type=\"checkbox\" name=\"useLocation\" checked/>\n  </div>\n</form>\n`;\n\nnew Dialog({\n  title: `Apply Damage to ${token.name}`,\n  content,\n  buttons: {\n    apply: {\n      label: 'Apply Damage',\n      callback: async (html) => {\n        const damage = parseInt(html.find('[name=damage]').val()) || 0;\n        const type = html.find('[name=type]').val();\n        const useLocation = html.find('[name=useLocation]').is(':checked');\n        \n        if (useLocation) {\n          const { UMCombat } = game.unhallowedMetropolis || {};\n          if (UMCombat) {\n            await UMCombat.applyDamageWithLocation(token.actor, damage, { damageType: type });\n          }\n        } else {\n          await token.actor.applyDamage(damage, { type });\n        }\n      }\n    }\n  }\n}).render(true);",
      "img": "icons/skills/wounds/blood-spurt-spray-red.webp"
    },
    {
      "name": "Add Corruption",
      "type": "script",
      "scope": "global",
      "command": "// Add Corruption to Character\nconst actor = game.user?.character || canvas.tokens?.controlled[0]?.actor;\n\nif (!actor) {\n  ui.notifications.warn('Select a token or set a default character.');\n  return;\n}\n\nconst content = `\n<form>\n  <div class=\"form-group\">\n    <label>Corruption Amount</label>\n    <input type=\"number\" name=\"amount\" value=\"1\"/>\n  </div>\n  <div class=\"form-group\">\n    <label>Type</label>\n    <select name=\"type\">\n      <option value=\"physical\">Physical</option>\n      <option value=\"mental\">Mental</option>\n    </select>\n  </div>\n</form>\n`;\n\nnew Dialog({\n  title: `Add Corruption to ${actor.name}`,\n  content,\n  buttons: {\n    add: {\n      label: 'Add Corruption',\n      callback: async (html) => {\n        const amount = parseInt(html.find('[name=amount]').val()) || 1;\n        const type = html.find('[name=type]').val();\n        await actor.addCorruption(amount, type);\n      }\n    }\n  }\n}).render(true);",
      "img": "icons/magic/unholy/silhouette-light-purple.webp"
    },
    {
      "name": "Rest & Recover",
      "type": "script",
      "scope": "global",
      "command": "// Rest and recover health for selected character\nconst actor = game.user?.character || canvas.tokens?.controlled[0]?.actor;\n\nif (!actor) {\n  ui.notifications.warn('Select a token or set a default character.');\n  return;\n}\n\nconst content = `\n<form>\n  <div class=\"form-group\">\n    <label>Rest Type</label>\n    <select name=\"restType\">\n      <option value=\"short\">Short Rest (1 hour)</option>\n      <option value=\"long\">Long Rest (8 hours)</option>\n      <option value=\"full\">Full Recovery (Medical Care)</option>\n    </select>\n  </div>\n</form>\n`;\n\nnew Dialog({\n  title: `Rest - ${actor.name}`,\n  content,\n  buttons: {\n    rest: {\n      label: 'Rest',\n      callback: async (html) => {\n        const restType = html.find('[name=restType]').val();\n        const system = actor.system;\n        \n        let healthRecovery = 0;\n        let mentalRecovery = 0;\n        let message = '';\n        \n        switch (restType) {\n          case 'short':\n            mentalRecovery = 1;\n            message = 'takes a short rest, recovering 1 Mental Health.';\n            break;\n          case 'long':\n            healthRecovery = Math.floor(system.attributes.vitality.value / 2);\n            mentalRecovery = Math.floor(system.attributes.will.value / 2);\n            message = `takes a long rest, recovering ${healthRecovery} Health and ${mentalRecovery} Mental Health.`;\n            break;\n          case 'full':\n            healthRecovery = system.derived.health.max - system.derived.health.value;\n            mentalRecovery = system.derived.mentalHealth.max - system.derived.mentalHealth.value;\n            message = 'receives full medical care and recovers completely.';\n            break;\n        }\n        \n        const newHealth = Math.min(system.derived.health.max, system.derived.health.value + healthRecovery);\n        const newMental = Math.min(system.derived.mentalHealth.max, system.derived.mentalHealth.value + mentalRecovery);\n        \n        await actor.update({\n          'system.derived.health.value': newHealth,\n          'system.derived.mentalHealth.value': newMental\n        });\n        \n        ChatMessage.create({\n          speaker: ChatMessage.getSpeaker({ actor }),\n          content: `<div class=\"um-rest-notice\">${actor.name} ${message}</div>`\n        });\n      }\n    }\n  }\n}).render(true);",
      "img": "icons/sundries/survival/bedroll-blue-red.webp"
    },
    {
      "name": "Roll Initiative",
      "type": "script",
      "scope": "global",
      "command": "// Roll Initiative for selected tokens\nconst tokens = canvas.tokens?.controlled;\n\nif (!tokens || tokens.length === 0) {\n  ui.notifications.warn('Select one or more tokens to roll initiative.');\n  return;\n}\n\nconst combat = game.combat;\nif (!combat) {\n  ui.notifications.warn('No active combat encounter. Create one in the Combat Tracker first.');\n  return;\n}\n\nfor (const token of tokens) {\n  const actor = token.actor;\n  if (!actor) continue;\n  \n  const init = actor.system?.derived?.initiative || 4;\n  const roll = await new Roll(`1d10 + ${init}`).evaluate();\n  \n  let combatant = combat.combatants.find(c => c.tokenId === token.id);\n  if (!combatant) {\n    await combat.createEmbeddedDocuments('Combatant', [{ tokenId: token.id, actorId: actor.id }]);\n    combatant = combat.combatants.find(c => c.tokenId === token.id);\n  }\n  \n  if (combatant) {\n    await combatant.update({ initiative: roll.total });\n  }\n  \n  ChatMessage.create({\n    speaker: ChatMessage.getSpeaker({ actor }),\n    content: `<div class=\"um-initiative-roll\"><h4>Initiative</h4><div class=\"result\">${actor.name} rolls ${roll.total}</div><div class=\"formula\">(1d10 + ${init})</div></div>`,\n    roll\n  });\n}",
      "img": "icons/skills/movement/feet-winged-boots-brown.webp"
    },
    {
      "name": "Attack Roll",
      "type": "script",
      "scope": "global",
      "command": "// Make an attack roll with weapon selection\nconst actor = game.user?.character || canvas.tokens?.controlled[0]?.actor;\n\nif (!actor) {\n  ui.notifications.warn('Select a token or set a default character.');\n  return;\n}\n\nconst weapons = actor.items.filter(i => i.type === 'weapon');\nif (weapons.length === 0) {\n  ui.notifications.warn('No weapons found on this character.');\n  return;\n}\n\nconst weaponOptions = weapons.map(w => `<option value=\"${w.id}\">${w.name}</option>`).join('');\n\nconst content = `\n<form>\n  <div class=\"form-group\">\n    <label>Weapon</label>\n    <select name=\"weapon\">${weaponOptions}</select>\n  </div>\n  <div class=\"form-group\">\n    <label>Target Number</label>\n    <select name=\"tn\">\n      <option value=\"7\">Very Easy (7)</option>\n      <option value=\"11\">Easy (11)</option>\n      <option value=\"15\" selected>Average (15)</option>\n      <option value=\"19\">Challenging (19)</option>\n      <option value=\"23\">Difficult (23)</option>\n      <option value=\"27\">Extreme (27)</option>\n    </select>\n  </div>\n  <div class=\"form-group\">\n    <label>Modifier</label>\n    <input type=\"number\" name=\"modifier\" value=\"0\"/>\n  </div>\n  <div class=\"form-group\">\n    <label>Called Shot Location</label>\n    <select name=\"location\">\n      <option value=\"\">Random</option>\n      <option value=\"head\">Head (-4)</option>\n      <option value=\"torso\">Torso (+0)</option>\n      <option value=\"arm\">Arm (-2)</option>\n      <option value=\"leg\">Leg (-2)</option>\n    </select>\n  </div>\n</form>\n`;\n\nnew Dialog({\n  title: 'Attack Roll',\n  content,\n  buttons: {\n    attack: {\n      label: 'Attack',\n      callback: async (html) => {\n        const weaponId = html.find('[name=weapon]').val();\n        const weapon = actor.items.get(weaponId);\n        const tn = parseInt(html.find('[name=tn]').val());\n        let mod = parseInt(html.find('[name=modifier]').val()) || 0;\n        const location = html.find('[name=location]').val();\n        \n        if (location === 'head') mod -= 4;\n        else if (location === 'arm' || location === 'leg') mod -= 2;\n        \n        const skillKey = weapon.system.weaponType === 'ranged' ? 'firearms' : 'melee';\n        const skill = actor.system.skills[skillKey]?.value || 0;\n        const attrVal = actor.system.attributes.coordination?.value || 2;\n        \n        const formula = `2d10 + ${attrVal} + ${skill} + ${mod}`;\n        const roll = await new Roll(formula).evaluate();\n        const success = roll.total >= tn;\n        const margin = roll.total - tn;\n        \n        let resultText = success ? 'Hit!' : 'Miss';\n        let resultClass = success ? 'success' : 'failure';\n        if (margin >= 10) { resultText = 'Critical Hit!'; resultClass = 'critical-success'; }\n        else if (margin >= 5) { resultText = 'Exceptional Hit!'; resultClass = 'exceptional-success'; }\n        \n        let damageHtml = '';\n        if (success) {\n          const damageRoll = await new Roll(weapon.system.damage).evaluate();\n          const bonusDamage = margin >= 10 ? damageRoll.total : (margin >= 5 ? Math.floor(damageRoll.total / 2) : 0);\n          const totalDamage = damageRoll.total + bonusDamage;\n          \n          let hitLocation = location;\n          if (!hitLocation) {\n            const locRoll = await new Roll('1d10').evaluate();\n            const loc = locRoll.total;\n            if (loc === 1) hitLocation = 'Head';\n            else if (loc <= 3) hitLocation = 'Right Arm';\n            else if (loc <= 5) hitLocation = 'Left Arm';\n            else if (loc <= 7) hitLocation = 'Torso';\n            else if (loc <= 9) hitLocation = 'Right Leg';\n            else hitLocation = 'Left Leg';\n          } else {\n            hitLocation = hitLocation.charAt(0).toUpperCase() + hitLocation.slice(1);\n          }\n          \n          damageHtml = `<div class=\"damage-result\"><label>Damage:</label> <span>${totalDamage}</span> (${weapon.system.damageType}) to ${hitLocation}</div>`;\n        }\n        \n        ChatMessage.create({\n          speaker: ChatMessage.getSpeaker({ actor }),\n          content: `<div class=\"um-attack-roll\"><h4>Attack: ${weapon.name}</h4><div class=\"roll-result ${resultClass}\"><span class=\"total\">${roll.total}</span> vs TN ${tn}</div><div class=\"result-text\">${resultText}</div>${damageHtml}<div class=\"formula\">${formula}</div></div>`,\n          roll\n        });\n      }\n    }\n  }\n}).render(true);",
      "img": "icons/skills/melee/strike-sword-steel-yellow.webp"
    },
    {
      "name": "Psychic Power Activation",
      "type": "script",
      "scope": "global",
      "command": "// Activate a psychic power\nconst actor = game.user?.character || canvas.tokens?.controlled[0]?.actor;\n\nif (!actor) {\n  ui.notifications.warn('Select a token or set a default character.');\n  return;\n}\n\nconst powers = actor.items.filter(i => i.type === 'psychicPower');\nif (powers.length === 0) {\n  ui.notifications.warn('This character has no psychic powers.');\n  return;\n}\n\nconst powerOptions = powers.map(p => `<option value=\"${p.id}\">${p.name} (L${p.system.level})</option>`).join('');\n\nconst content = `\n<form>\n  <div class=\"form-group\">\n    <label>Power</label>\n    <select name=\"power\">${powerOptions}</select>\n  </div>\n  <div class=\"form-group\">\n    <label>Target Number</label>\n    <select name=\"tn\">\n      <option value=\"11\">Easy (11)</option>\n      <option value=\"15\" selected>Average (15)</option>\n      <option value=\"19\">Challenging (19)</option>\n      <option value=\"23\">Difficult (23)</option>\n    </select>\n  </div>\n  <div class=\"form-group\">\n    <label>Additional Instability</label>\n    <input type=\"number\" name=\"extraInstability\" value=\"0\" min=\"0\"/>\n  </div>\n</form>\n`;\n\nnew Dialog({\n  title: 'Activate Psychic Power',\n  content,\n  buttons: {\n    activate: {\n      label: 'Activate',\n      callback: async (html) => {\n        const powerId = html.find('[name=power]').val();\n        const power = actor.items.get(powerId);\n        const tn = parseInt(html.find('[name=tn]').val());\n        const extraInstability = parseInt(html.find('[name=extraInstability]').val()) || 0;\n        \n        const concentration = actor.system.skills.concentration?.value || 0;\n        const will = actor.system.attributes.will?.value || 2;\n        \n        const formula = `2d10 + ${will} + ${concentration}`;\n        const roll = await new Roll(formula).evaluate();\n        const success = roll.total >= tn;\n        const margin = roll.total - tn;\n        \n        let resultText = success ? 'Power Activated!' : 'Power Failed';\n        let resultClass = success ? 'success' : 'failure';\n        if (margin >= 10) { resultText = 'Critical Success!'; resultClass = 'critical-success'; }\n        else if (margin >= 5) { resultText = 'Exceptional Success!'; resultClass = 'exceptional-success'; }\n        else if (margin <= -10) { resultText = 'Critical Failure!'; resultClass = 'critical-failure'; }\n        \n        const baseInstability = power.system.instabilityCost || power.system.level || 1;\n        let totalInstability = baseInstability + extraInstability;\n        if (!success) totalInstability = Math.ceil(totalInstability * 1.5);\n        if (margin <= -10) totalInstability *= 2;\n        \n        if (totalInstability > 0) {\n          const currentMental = actor.system.derived.mentalHealth.value;\n          const newMental = Math.max(0, currentMental - totalInstability);\n          await actor.update({ 'system.derived.mentalHealth.value': newMental });\n        }\n        \n        const instabilityHtml = `<div class=\"instability\"><label>Instability:</label> ${totalInstability} mental strain</div>`;\n        \n        ChatMessage.create({\n          speaker: ChatMessage.getSpeaker({ actor }),\n          content: `<div class=\"um-psychic-roll\"><h4>${power.name}</h4><div class=\"devotion\">${power.system.devotion || 'Unknown'} Level ${power.system.level}</div><div class=\"roll-result ${resultClass}\"><span class=\"total\">${roll.total}</span> vs TN ${tn}</div><div class=\"result-text\">${resultText}</div>${instabilityHtml}<div class=\"power-effect\">${power.system.description || ''}</div></div>`,\n          roll\n        });\n      }\n    }\n  }\n}).render(true);",
      "img": "icons/magic/perception/eye-ringed-glow-angry-small-purple.webp"
    },
    {
      "name": "Corruption Check",
      "type": "script",
      "scope": "global",
      "command": "// Make a corruption resistance check\nconst actor = game.user?.character || canvas.tokens?.controlled[0]?.actor;\n\nif (!actor) {\n  ui.notifications.warn('Select a token or set a default character.');\n  return;\n}\n\nconst content = `\n<form>\n  <div class=\"form-group\">\n    <label>Corruption Type</label>\n    <select name=\"type\">\n      <option value=\"physical\">Physical (Vitality + Will)</option>\n      <option value=\"mental\">Mental (Will + Will)</option>\n      <option value=\"desire\">Desire Temptation (Will + Charm)</option>\n      <option value=\"drive\">Drive Compulsion (Will + Intellect)</option>\n    </select>\n  </div>\n  <div class=\"form-group\">\n    <label>Severity</label>\n    <select name=\"tn\">\n      <option value=\"11\">Minor (TN 11)</option>\n      <option value=\"15\" selected>Moderate (TN 15)</option>\n      <option value=\"19\">Severe (TN 19)</option>\n      <option value=\"23\">Extreme (TN 23)</option>\n    </select>\n  </div>\n  <div class=\"form-group\">\n    <label>Corruption at Stake</label>\n    <input type=\"number\" name=\"corruption\" value=\"1\" min=\"1\"/>\n  </div>\n</form>\n`;\n\nnew Dialog({\n  title: 'Corruption Resistance Check',\n  content,\n  buttons: {\n    roll: {\n      label: 'Resist',\n      callback: async (html) => {\n        const type = html.find('[name=type]').val();\n        const tn = parseInt(html.find('[name=tn]').val());\n        const corruption = parseInt(html.find('[name=corruption]').val()) || 1;\n        \n        const will = actor.system.attributes.will?.value || 2;\n        let secondAttr = will;\n        let attrName = 'Will + Will';\n        \n        if (type === 'physical') {\n          secondAttr = actor.system.attributes.vitality?.value || 2;\n          attrName = 'Vitality + Will';\n        } else if (type === 'desire') {\n          secondAttr = actor.system.attributes.charm?.value || 2;\n          attrName = 'Will + Charm';\n        } else if (type === 'drive') {\n          secondAttr = actor.system.attributes.intellect?.value || 2;\n          attrName = 'Will + Intellect';\n        }\n        \n        const formula = `2d10 + ${will} + ${secondAttr}`;\n        const roll = await new Roll(formula).evaluate();\n        const success = roll.total >= tn;\n        \n        let resultText = success ? 'Resisted!' : 'Corrupted...';\n        let resultClass = success ? 'success' : 'failure';\n        \n        if (!success) {\n          const corruptionType = (type === 'physical') ? 'physical' : 'mental';\n          const current = actor.system.corruption[corruptionType].value;\n          await actor.update({ [`system.corruption.${corruptionType}.value`]: current + corruption });\n          \n          const threshold = actor.system.corruption[corruptionType].threshold;\n          if (current + corruption >= threshold) {\n            resultText += ' Threshold exceeded!';\n            resultClass = 'critical-failure';\n          }\n        }\n        \n        ChatMessage.create({\n          speaker: ChatMessage.getSpeaker({ actor }),\n          content: `<div class=\"um-corruption-check\"><h4>Corruption Resistance</h4><div class=\"type\">${type.charAt(0).toUpperCase() + type.slice(1)} (${attrName})</div><div class=\"roll-result ${resultClass}\"><span class=\"total\">${roll.total}</span> vs TN ${tn}</div><div class=\"result-text\">${resultText}</div>${!success ? `<div class=\"corruption-gained\">+${corruption} ${type === 'physical' ? 'Physical' : 'Mental'} Corruption</div>` : ''}</div>`,\n          roll\n        });\n      }\n    }\n  }\n}).render(true);",
      "img": "icons/magic/unholy/strike-body-explode-disintegrate.webp"
    },
    {
      "name": "Opposed Roll",
      "type": "script",
      "scope": "global",
      "command": "// Make an opposed roll between two tokens\nconst tokens = canvas.tokens?.controlled;\n\nif (!tokens || tokens.length !== 2) {\n  ui.notifications.warn('Select exactly two tokens for an opposed roll.');\n  return;\n}\n\nconst actor1 = tokens[0].actor;\nconst actor2 = tokens[1].actor;\n\nconst attributes = [\n  { key: 'vitality', label: 'Vitality' },\n  { key: 'coordination', label: 'Coordination' },\n  { key: 'wit', label: 'Wit' },\n  { key: 'intellect', label: 'Intellect' },\n  { key: 'will', label: 'Will' },\n  { key: 'charm', label: 'Charm' }\n];\n\nconst attrOptions = attributes.map(a => `<option value=\"${a.key}\">${a.label}</option>`).join('');\n\nconst content = `\n<form>\n  <div class=\"form-group\">\n    <label>${actor1.name}'s Attribute</label>\n    <select name=\"attr1\">${attrOptions}</select>\n  </div>\n  <div class=\"form-group\">\n    <label>${actor1.name}'s Modifier</label>\n    <input type=\"number\" name=\"mod1\" value=\"0\"/>\n  </div>\n  <hr/>\n  <div class=\"form-group\">\n    <label>${actor2.name}'s Attribute</label>\n    <select name=\"attr2\">${attrOptions}</select>\n  </div>\n  <div class=\"form-group\">\n    <label>${actor2.name}'s Modifier</label>\n    <input type=\"number\" name=\"mod2\" value=\"0\"/>\n  </div>\n</form>\n`;\n\nnew Dialog({\n  title: 'Opposed Roll',\n  content,\n  buttons: {\n    roll: {\n      label: 'Roll',\n      callback: async (html) => {\n        const attr1 = html.find('[name=attr1]').val();\n        const attr2 = html.find('[name=attr2]').val();\n        const mod1 = parseInt(html.find('[name=mod1]').val()) || 0;\n        const mod2 = parseInt(html.find('[name=mod2]').val()) || 0;\n        \n        const val1 = actor1.system.attributes[attr1]?.value || 2;\n        const val2 = actor2.system.attributes[attr2]?.value || 2;\n        \n        const roll1 = await new Roll(`2d10 + ${val1} + ${mod1}`).evaluate();\n        const roll2 = await new Roll(`2d10 + ${val2} + ${mod2}`).evaluate();\n        \n        let winner, loser, winnerRoll, loserRoll;\n        if (roll1.total > roll2.total) {\n          winner = actor1; loser = actor2; winnerRoll = roll1; loserRoll = roll2;\n        } else if (roll2.total > roll1.total) {\n          winner = actor2; loser = actor1; winnerRoll = roll2; loserRoll = roll1;\n        }\n        \n        const margin = winner ? Math.abs(roll1.total - roll2.total) : 0;\n        const resultText = winner ? `${winner.name} wins by ${margin}!` : 'Tie! Defender wins.';\n        \n        ChatMessage.create({\n          content: `<div class=\"um-opposed-roll\"><h4>Opposed Roll</h4><div class=\"combatant\"><span class=\"name\">${actor1.name}</span>: <span class=\"roll\">${roll1.total}</span></div><div class=\"vs\">VS</div><div class=\"combatant\"><span class=\"name\">${actor2.name}</span>: <span class=\"roll\">${roll2.total}</span></div><div class=\"result-text\">${resultText}</div></div>`,\n          speaker: ChatMessage.getSpeaker()\n        });\n      }\n    }\n  }\n}).render(true);",
      "img": "icons/skills/social/diplomacy-handshake-yellow.webp"
    },
    {
      "name": "Heal Target",
      "type": "script",
      "scope": "global",
      "command": "// Heal a selected token\nconst token = canvas.tokens?.controlled[0];\n\nif (!token) {\n  ui.notifications.warn('Select a token to heal.');\n  return;\n}\n\nconst actor = token.actor;\nconst system = actor.system;\n\nconst content = `\n<form>\n  <div class=\"form-group\">\n    <label>Health Type</label>\n    <select name=\"type\">\n      <option value=\"health\">Physical Health (${system.derived.health.value}/${system.derived.health.max})</option>\n      <option value=\"mental\">Mental Health (${system.derived.mentalHealth.value}/${system.derived.mentalHealth.max})</option>\n    </select>\n  </div>\n  <div class=\"form-group\">\n    <label>Amount</label>\n    <input type=\"number\" name=\"amount\" value=\"5\" min=\"1\"/>\n  </div>\n</form>\n`;\n\nnew Dialog({\n  title: `Heal ${actor.name}`,\n  content,\n  buttons: {\n    heal: {\n      label: 'Heal',\n      callback: async (html) => {\n        const type = html.find('[name=type]').val();\n        const amount = parseInt(html.find('[name=amount]').val()) || 0;\n        \n        const statPath = type === 'health' ? 'derived.health' : 'derived.mentalHealth';\n        const current = type === 'health' ? system.derived.health.value : system.derived.mentalHealth.value;\n        const max = type === 'health' ? system.derived.health.max : system.derived.mentalHealth.max;\n        const newValue = Math.min(max, current + amount);\n        const healed = newValue - current;\n        \n        await actor.update({ [`system.${statPath}.value`]: newValue });\n        \n        const typeLabel = type === 'health' ? 'Health' : 'Mental Health';\n        ChatMessage.create({\n          speaker: ChatMessage.getSpeaker({ actor }),\n          content: `<div class=\"um-heal-notice\">${actor.name} recovers ${healed} ${typeLabel}. (${newValue}/${max})</div>`\n        });\n      }\n    }\n  }\n}).render(true);",
      "img": "icons/magic/life/heart-cross-strong-flame-green.webp"
    },
    {
      "name": "Vampire Blood Pool",
      "type": "script",
      "scope": "global",
      "command": "// Manage vampire blood pool\nconst actor = game.user?.character || canvas.tokens?.controlled[0]?.actor;\n\nif (!actor) {\n  ui.notifications.warn('Select a vampire token or set a default character.');\n  return;\n}\n\nif (actor.type !== 'vampire') {\n  ui.notifications.warn('This macro is only for vampire characters.');\n  return;\n}\n\nconst bloodPool = actor.system.bloodPool || { value: 10, max: 10 };\n\nconst content = `\n<form>\n  <div class=\"form-group\">\n    <label>Current Blood Pool: ${bloodPool.value} / ${bloodPool.max}</label>\n  </div>\n  <div class=\"form-group\">\n    <label>Action</label>\n    <select name=\"action\">\n      <option value=\"spend\">Spend Blood</option>\n      <option value=\"feed\">Feed (Gain Blood)</option>\n      <option value=\"heal\">Heal with Blood (1 blood = 2 health)</option>\n      <option value=\"boost\">Physical Boost (1 blood = +2 to physical roll)</option>\n    </select>\n  </div>\n  <div class=\"form-group\">\n    <label>Amount</label>\n    <input type=\"number\" name=\"amount\" value=\"1\" min=\"1\"/>\n  </div>\n</form>\n`;\n\nnew Dialog({\n  title: `Blood Pool - ${actor.name}`,\n  content,\n  buttons: {\n    confirm: {\n      label: 'Confirm',\n      callback: async (html) => {\n        const action = html.find('[name=action]').val();\n        const amount = parseInt(html.find('[name=amount]').val()) || 1;\n        \n        let newBlood = bloodPool.value;\n        let message = '';\n        \n        switch (action) {\n          case 'spend':\n            newBlood = Math.max(0, bloodPool.value - amount);\n            message = `spends ${amount} blood point${amount > 1 ? 's' : ''}.`;\n            break;\n          case 'feed':\n            newBlood = Math.min(bloodPool.max, bloodPool.value + amount);\n            const gained = newBlood - bloodPool.value;\n            message = `feeds and gains ${gained} blood point${gained > 1 ? 's' : ''}.`;\n            break;\n          case 'heal':\n            const healAmount = amount * 2;\n            const currentHealth = actor.system.derived.health.value;\n            const maxHealth = actor.system.derived.health.max;\n            const newHealth = Math.min(maxHealth, currentHealth + healAmount);\n            const actualHeal = newHealth - currentHealth;\n            newBlood = Math.max(0, bloodPool.value - amount);\n            await actor.update({ 'system.derived.health.value': newHealth });\n            message = `spends ${amount} blood to heal ${actualHeal} health.`;\n            break;\n          case 'boost':\n            newBlood = Math.max(0, bloodPool.value - amount);\n            const bonus = amount * 2;\n            message = `spends ${amount} blood for +${bonus} to their next physical roll.`;\n            break;\n        }\n        \n        await actor.update({ 'system.bloodPool.value': newBlood });\n        \n        ChatMessage.create({\n          speaker: ChatMessage.getSpeaker({ actor }),\n          content: `<div class=\"um-blood-pool\"><h4>Blood Pool</h4><div class=\"action\">${actor.name} ${message}</div><div class=\"remaining\">Blood Pool: ${newBlood}/${bloodPool.max}</div></div>`\n        });\n      }\n    }\n  }\n}).render(true);",
      "img": "icons/commodities/biological/organ-heart-red.webp"
    },
    {
      "name": "Fear & Morale Check",
      "type": "script",
      "scope": "global",
      "command": "// Make a fear or morale check\nconst actor = game.user?.character || canvas.tokens?.controlled[0]?.actor;\n\nif (!actor) {\n  ui.notifications.warn('Select a token or set a default character.');\n  return;\n}\n\nconst content = `\n<form>\n  <div class=\"form-group\">\n    <label>Check Type</label>\n    <select name=\"type\">\n      <option value=\"fear\">Fear Check (Will + Will)</option>\n      <option value=\"horror\">Horror Check (Will + Intellect)</option>\n      <option value=\"morale\">Morale Check (Will + Charm)</option>\n    </select>\n  </div>\n  <div class=\"form-group\">\n    <label>Threat Severity</label>\n    <select name=\"tn\">\n      <option value=\"11\">Unsettling (TN 11)</option>\n      <option value=\"15\" selected>Frightening (TN 15)</option>\n      <option value=\"19\">Terrifying (TN 19)</option>\n      <option value=\"23\">Maddening (TN 23)</option>\n      <option value=\"27\">Apocalyptic (TN 27)</option>\n    </select>\n  </div>\n</form>\n`;\n\nnew Dialog({\n  title: 'Fear & Morale Check',\n  content,\n  buttons: {\n    roll: {\n      label: 'Roll',\n      callback: async (html) => {\n        const type = html.find('[name=type]').val();\n        const tn = parseInt(html.find('[name=tn]').val());\n        \n        const will = actor.system.attributes.will?.value || 2;\n        let secondAttr = will;\n        let attrName = 'Will + Will';\n        let checkName = 'Fear';\n        \n        if (type === 'horror') {\n          secondAttr = actor.system.attributes.intellect?.value || 2;\n          attrName = 'Will + Intellect';\n          checkName = 'Horror';\n        } else if (type === 'morale') {\n          secondAttr = actor.system.attributes.charm?.value || 2;\n          attrName = 'Will + Charm';\n          checkName = 'Morale';\n        }\n        \n        const formula = `2d10 + ${will} + ${secondAttr}`;\n        const roll = await new Roll(formula).evaluate();\n        const success = roll.total >= tn;\n        const margin = roll.total - tn;\n        \n        let resultText = success ? 'Held Firm!' : 'Failed!';\n        let resultClass = success ? 'success' : 'failure';\n        let effect = '';\n        \n        if (!success) {\n          if (margin <= -10) {\n            resultClass = 'critical-failure';\n            if (type === 'fear') effect = 'Paralyzed with terror! Cannot act for 1d10 rounds.';\n            else if (type === 'horror') effect = 'Mind-breaking horror! Gain 1d5 mental corruption.';\n            else effect = 'Complete rout! Must flee at maximum speed.';\n          } else if (margin <= -5) {\n            if (type === 'fear') effect = 'Panicked! Must retreat from the threat.';\n            else if (type === 'horror') effect = 'Shaken to the core! -2 to all actions for the scene.';\n            else effect = 'Broken! -4 to all actions until rallied.';\n          } else {\n            if (type === 'fear') effect = 'Shaken! -2 to actions against the threat.';\n            else if (type === 'horror') effect = 'Disturbed! -1 to mental actions for the scene.';\n            else effect = 'Wavering! -2 to actions until the situation improves.';\n          }\n        }\n        \n        ChatMessage.create({\n          speaker: ChatMessage.getSpeaker({ actor }),\n          content: `<div class=\"um-fear-check\"><h4>${checkName} Check</h4><div class=\"type\">${attrName}</div><div class=\"roll-result ${resultClass}\"><span class=\"total\">${roll.total}</span> vs TN ${tn}</div><div class=\"result-text\">${resultText}</div>${effect ? `<div class=\"effect\">${effect}</div>` : ''}</div>`,\n          roll\n        });\n      }\n    }\n  }\n}).render(true);",
      "img": "icons/magic/control/fear-fright-shadow-monster-green.webp"
    },
    {
      "name": "End of Round",
      "type": "script",
      "scope": "global",
      "command": "// End of round processing for all combatants\nconst combat = game.combat;\n\nif (!combat) {\n  ui.notifications.warn('No active combat encounter.');\n  return;\n}\n\nconst round = combat.round || 1;\nlet messages = [`<h4>End of Round ${round}</h4>`];\n\nfor (const combatant of combat.combatants) {\n  const actor = combatant.actor;\n  if (!actor) continue;\n  \n  const system = actor.system;\n  const effects = [];\n  \n  if (system.derived?.health?.value <= 0) {\n    effects.push(`${actor.name} is incapacitated!`);\n  } else if (system.derived?.health?.value <= system.derived?.health?.max * 0.25) {\n    effects.push(`${actor.name} is critically wounded!`);\n  }\n  \n  if (system.derived?.mentalHealth?.value <= 0) {\n    effects.push(`${actor.name} has broken mentally!`);\n  } else if (system.derived?.mentalHealth?.value <= system.derived?.mentalHealth?.max * 0.25) {\n    effects.push(`${actor.name} is on the edge of sanity!`);\n  }\n  \n  if (actor.type === 'vampire' && system.bloodPool) {\n    const newBlood = Math.max(0, system.bloodPool.value - 1);\n    if (newBlood !== system.bloodPool.value) {\n      await actor.update({ 'system.bloodPool.value': newBlood });\n      effects.push(`${actor.name} consumes 1 blood (${newBlood} remaining).`);\n    }\n    if (newBlood === 0) {\n      effects.push(`${actor.name} is out of blood and enters frenzy!`);\n    }\n  }\n  \n  if (effects.length > 0) {\n    messages.push(`<div class=\"combatant-status\">${effects.join('<br>')}</div>`);\n  }\n}\n\nif (messages.length > 1) {\n  ChatMessage.create({\n    content: `<div class=\"um-end-round\">${messages.join('')}</div>`,\n    speaker: { alias: 'Combat Tracker' }\n  });\n} else {\n  ChatMessage.create({\n    content: `<div class=\"um-end-round\"><h4>End of Round ${round}</h4><div>No special conditions to report.</div></div>`,\n    speaker: { alias: 'Combat Tracker' }\n  });\n}",
      "img": "icons/sundries/gaming/chess-pawn-white-pink.webp"
    },
    {
      "name": "Quick Reference",
      "type": "script",
      "scope": "global",
      "command": "// Display quick reference for Unhallowed Metropolis rules\nconst content = `\n<div class=\"um-quick-reference\" style=\"max-height: 600px; overflow-y: auto;\">\n  <h2>Unhallowed Metropolis Quick Reference</h2>\n  \n  <h3>Rolling Dice</h3>\n  <p><strong>Basic Roll:</strong> 2d10 + Attribute + Skill vs Target Number</p>\n  <table>\n    <tr><th>Difficulty</th><th>TN</th></tr>\n    <tr><td>Very Easy</td><td>7</td></tr>\n    <tr><td>Easy</td><td>11</td></tr>\n    <tr><td>Average</td><td>15</td></tr>\n    <tr><td>Challenging</td><td>19</td></tr>\n    <tr><td>Difficult</td><td>23</td></tr>\n    <tr><td>Extreme</td><td>27</td></tr>\n  </table>\n  \n  <h3>Degrees of Success</h3>\n  <ul>\n    <li><strong>Critical Success:</strong> Exceed TN by 10+ or roll double 10s</li>\n    <li><strong>Exceptional Success:</strong> Exceed TN by 5-9</li>\n    <li><strong>Success:</strong> Meet or exceed TN</li>\n    <li><strong>Failure:</strong> Below TN by 1-4</li>\n    <li><strong>Critical Failure:</strong> Below TN by 5+ or roll double 1s</li>\n  </ul>\n  \n  <h3>Hit Locations (d10)</h3>\n  <table>\n    <tr><th>Roll</th><th>Location</th><th>Called Shot</th></tr>\n    <tr><td>1</td><td>Head</td><td>-4</td></tr>\n    <tr><td>2-3</td><td>Right Arm</td><td>-2</td></tr>\n    <tr><td>4-5</td><td>Left Arm</td><td>-2</td></tr>\n    <tr><td>6-7</td><td>Torso</td><td>+0</td></tr>\n    <tr><td>8-9</td><td>Right Leg</td><td>-2</td></tr>\n    <tr><td>10</td><td>Left Leg</td><td>-2</td></tr>\n  </table>\n  \n  <h3>Damage Types</h3>\n  <ul>\n    <li><strong>Bashing:</strong> Blunt trauma, heals faster</li>\n    <li><strong>Lethal:</strong> Cuts, bullets, standard damage</li>\n    <li><strong>Aggravated:</strong> Fire, acid, supernatural - hard to heal</li>\n  </ul>\n  \n  <h3>Combat Actions</h3>\n  <p>Characters get Actions based on Coordination:</p>\n  <table>\n    <tr><th>Coordination</th><th>Actions</th></tr>\n    <tr><td>1</td><td>1</td></tr>\n    <tr><td>2-3</td><td>2</td></tr>\n    <tr><td>4</td><td>3</td></tr>\n    <tr><td>5+</td><td>4</td></tr>\n  </table>\n  \n  <h3>Common Actions (1 Action each)</h3>\n  <ul>\n    <li>Attack (melee or ranged)</li>\n    <li>Move (up to Movement yards)</li>\n    <li>Aim (+2 to next attack)</li>\n    <li>Dodge/Parry (reactive)</li>\n    <li>Reload weapon</li>\n    <li>Use item or ability</li>\n  </ul>\n  \n  <h3>Corruption</h3>\n  <p>Threshold = Will x 2. Exceeding causes afflictions.</p>\n  <ul>\n    <li><strong>Physical:</strong> Bodily transformation, mutation</li>\n    <li><strong>Mental:</strong> Madness, obsession, disorders</li>\n  </ul>\n</div>\n`;\n\nnew Dialog({\n  title: 'Unhallowed Metropolis Quick Reference',\n  content,\n  buttons: {\n    close: { label: 'Close' }\n  },\n  default: 'close'\n}, { width: 500 }).render(true);",
      "img": "icons/sundries/books/book-worn-brown-grey.webp"
    }
  ]
}