{
  "metadata": {
    "id": "skills",
    "label": "skills",
    "type": "world",
    "package": "RNK",
    "path": "packs/skills.db",
    "name": "skills"
  },
  "entries": [
    {
      "name": "Alchemy",
      "type": "skill",
      "img": "icons/tools/laboratory/vials-blue-pink.webp",
      "system": {
        "description": "<p>Knowledge of chemical compounds, drugs, poisons, and the alchemical sciences. Allows creation of alchemical preparations and identification of unknown substances.</p>",
        "category": "Academic",
        "attribute": "intellect",
        "specializations": [
          "Poisons",
          "Pharmaceuticals",
          "Explosives",
          "Cosmetics"
        ]
      }
    },
    {
      "name": "Cryptography",
      "type": "skill",
      "img": "icons/commodities/books/book-worn-red.webp",
      "system": {
        "description": "<p>The study and practice of creating and breaking coded messages. Essential for intelligence work and deciphering ancient texts.</p>",
        "category": "Academic",
        "attribute": "intellect",
        "specializations": [
          "Ciphers",
          "Code Breaking",
          "Steganography"
        ]
      }
    },
    {
      "name": "Forensic Science",
      "type": "skill",
      "img": "icons/tools/laboratory/microscope-lens-purple.webp",
      "system": {
        "description": "<p>The application of scientific methods to criminal investigation. Includes analysis of evidence, crime scene reconstruction, and identification of remains.</p>",
        "category": "Academic",
        "attribute": "intellect",
        "specializations": [
          "Ballistics",
          "Fingerprinting",
          "Pathology",
          "Crime Scene Analysis"
        ]
      }
    },
    {
      "name": "Galvanics",
      "type": "skill",
      "img": "icons/magic/lightning/bolt-strike-blue.webp",
      "system": {
        "description": "<p>Knowledge of galvanic technology, including electrical devices, reanimation equipment, and the mysterious Van Haller weapons. Essential for understanding Neo-Victorian technology.</p>",
        "category": "Academic",
        "attribute": "intellect",
        "specializations": [
          "Weapons",
          "Medical Equipment",
          "Power Systems",
          "Reanimation"
        ]
      }
    },
    {
      "name": "History",
      "type": "skill",
      "img": "icons/commodities/books/book-red.webp",
      "system": {
        "description": "<p>Knowledge of historical events, particularly the Plague Years, the Reclamation, and Neo-Victorian society.</p>",
        "category": "Academic",
        "attribute": "intellect",
        "specializations": [
          "Plague Years",
          "Victorian Era",
          "Military History",
          "Local History"
        ]
      }
    },
    {
      "name": "Law",
      "type": "skill",
      "img": "icons/commodities/books/book-clasp-brown.webp",
      "system": {
        "description": "<p>Knowledge of Neo-Victorian legal codes, court procedures, and criminal justice.</p>",
        "category": "Academic",
        "attribute": "intellect",
        "specializations": [
          "Criminal Law",
          "Civil Law",
          "Court Procedure",
          "Contracts"
        ]
      }
    },
    {
      "name": "Medicine",
      "type": "skill",
      "img": "icons/tools/laboratory/bowl-herbs-green.webp",
      "system": {
        "description": "<p>Medical knowledge including diagnosis, surgery, and treatment of wounds and diseases. Essential for healing in the Neo-Victorian world.</p>",
        "category": "Academic",
        "attribute": "intellect",
        "specializations": [
          "Surgery",
          "Pharmacology",
          "Diagnosis",
          "Plague Treatment"
        ]
      }
    },
    {
      "name": "Natural Science",
      "type": "skill",
      "img": "icons/commodities/biological/plant-sprout.webp",
      "system": {
        "description": "<p>Knowledge of natural sciences including biology, chemistry, and physics.</p>",
        "category": "Academic",
        "attribute": "intellect",
        "specializations": [
          "Biology",
          "Chemistry",
          "Physics",
          "Botany"
        ]
      }
    },
    {
      "name": "Occult Lore",
      "type": "skill",
      "img": "icons/commodities/books/book-worn-brown-eye.webp",
      "system": {
        "description": "<p>Knowledge of supernatural creatures, folklore, and occult practices. Essential for understanding the threats that lurk in the Neo-Victorian world.</p>",
        "category": "Academic",
        "attribute": "intellect",
        "specializations": [
          "Vampires",
          "Thropes",
          "Spirits",
          "Folklore",
          "Secret Societies"
        ]
      }
    },
    {
      "name": "Parapsychology",
      "type": "skill",
      "img": "icons/magic/perception/orb-eye-scrying.webp",
      "system": {
        "description": "<p>The scientific study of psychic phenomena, spirits, and the supernormal. Includes use of aetheric detection equipment.</p>",
        "category": "Academic",
        "attribute": "intellect",
        "specializations": [
          "Psychic Phenomena",
          "Spirit Activity",
          "Aetheric Detection",
          "Research Methods"
        ]
      }
    },
    {
      "name": "Psychology",
      "type": "skill",
      "img": "icons/skills/trades/academics-book-study-purple.webp",
      "system": {
        "description": "<p>Understanding of the human mind, mental disorders, and behavior. Used for therapy, profiling, and interrogation.</p>",
        "category": "Academic",
        "attribute": "intellect",
        "specializations": [
          "Criminal Psychology",
          "Therapy",
          "Mental Disorders",
          "Profiling"
        ]
      }
    },
    {
      "name": "Thanatology",
      "type": "skill",
      "img": "icons/magic/death/skull-humanoid-white.webp",
      "system": {
        "description": "<p>The study of death, dying, and the dead. Includes knowledge of burial practices, preventing reanimation, and understanding the Plague.</p>",
        "category": "Academic",
        "attribute": "intellect",
        "specializations": [
          "Burial Practices",
          "Reanimation Prevention",
          "Plague Study",
          "Autopsy"
        ]
      }
    },
    {
      "name": "Theology",
      "type": "skill",
      "img": "icons/sundries/books/book-tooled-gold-white.webp",
      "system": {
        "description": "<p>Knowledge of religious doctrine, scripture, and spiritual practices. Essential for exorcists and clergy.</p>",
        "category": "Academic",
        "attribute": "intellect",
        "specializations": [
          "Church of England",
          "Catholicism",
          "Other Faiths",
          "Exorcism Rites"
        ]
      }
    },
    {
      "name": "Acting",
      "type": "skill",
      "img": "icons/tools/instruments/drum-hand-tan.webp",
      "system": {
        "description": "<p>The ability to convincingly portray emotions, characters, and situations. Used for deception, performance, and social manipulation.</p>",
        "category": "Basic",
        "attribute": "charm",
        "specializations": [
          "Stage Acting",
          "Deception",
          "Impressions"
        ]
      }
    },
    {
      "name": "Concentration",
      "type": "skill",
      "img": "icons/magic/perception/third-eye-blue.webp",
      "system": {
        "description": "<p>Mental focus and discipline. Added to Will rolls for resisting mental attacks, controlling psychic powers, and maintaining composure.</p>",
        "category": "Basic",
        "attribute": "will",
        "specializations": [
          "Meditation",
          "Pain Resistance",
          "Psychic Focus"
        ]
      }
    },
    {
      "name": "Demolitions",
      "type": "skill",
      "img": "icons/weapons/thrown/bomb-fuse-red.webp",
      "system": {
        "description": "<p>Knowledge of explosives, including safe handling, placement, and detonation. Also used for disarming explosives.</p>",
        "category": "Basic",
        "attribute": "intellect",
        "specializations": [
          "Bomb Disposal",
          "Demolition",
          "Improvised Explosives"
        ]
      }
    },
    {
      "name": "Disguise",
      "type": "skill",
      "img": "icons/tools/instruments/mirror-ornate.webp",
      "system": {
        "description": "<p>The ability to alter one's appearance to avoid recognition or impersonate others.</p>",
        "category": "Basic",
        "attribute": "charm",
        "specializations": [
          "Makeup",
          "Costume",
          "Impersonation"
        ]
      }
    },
    {
      "name": "Drive Carriage",
      "type": "skill",
      "img": "icons/tools/smithing/horseshoe-steel.webp",
      "system": {
        "description": "<p>The ability to control horse-drawn vehicles, from simple carts to elaborate carriages.</p>",
        "category": "Basic",
        "attribute": "coordination",
        "specializations": [
          "High Speed",
          "Combat",
          "Evasive Maneuvers"
        ]
      }
    },
    {
      "name": "Etiquette",
      "type": "skill",
      "img": "icons/commodities/treasure/crown-gold-laurel-wreath.webp",
      "system": {
        "description": "<p>Knowledge of proper social behavior in Neo-Victorian society. Essential for navigating high society without causing offense.</p>",
        "category": "Basic",
        "attribute": "charm",
        "specializations": [
          "High Society",
          "Military",
          "Criminal Underworld",
          "Foreign Cultures"
        ]
      }
    },
    {
      "name": "Gambling",
      "type": "skill",
      "img": "icons/commodities/currency/coins-assorted-mix-copper.webp",
      "system": {
        "description": "<p>Knowledge of games of chance and skill. Includes both playing and cheating.</p>",
        "category": "Basic",
        "attribute": "wit",
        "specializations": [
          "Cards",
          "Dice",
          "Cheating",
          "Reading Opponents"
        ]
      }
    },
    {
      "name": "Hypnosis",
      "type": "skill",
      "img": "icons/magic/control/hypnosis-mesmerism-pendulum.webp",
      "system": {
        "description": "<p>The ability to induce hypnotic trances for therapeutic or investigative purposes.</p>",
        "category": "Basic",
        "attribute": "charm",
        "specializations": [
          "Therapy",
          "Memory Recovery",
          "Suggestion"
        ]
      }
    },
    {
      "name": "Interrogation",
      "type": "skill",
      "img": "icons/tools/smithing/anvil.webp",
      "system": {
        "description": "<p>Techniques for extracting information from subjects through questioning, intimidation, or other methods.</p>",
        "category": "Basic",
        "attribute": "charm",
        "specializations": [
          "Intimidation",
          "Good Cop/Bad Cop",
          "Enhanced Techniques"
        ]
      }
    },
    {
      "name": "Language",
      "type": "skill",
      "img": "icons/commodities/books/book-worn-brown.webp",
      "system": {
        "description": "<p>Fluency in languages other than the character's native tongue. Each language is a separate specialization.</p>",
        "category": "Basic",
        "attribute": "intellect",
        "specializations": [
          "English",
          "French",
          "German",
          "Latin",
          "Rhyming Slang",
          "Thieves' Cant"
        ]
      }
    },
    {
      "name": "Performance",
      "type": "skill",
      "img": "icons/tools/instruments/drum-hand-tan.webp",
      "system": {
        "description": "<p>Skill in artistic performance, including music, singing, and public speaking.</p>",
        "category": "Basic",
        "attribute": "charm",
        "specializations": [
          "Singing",
          "Instruments",
          "Oratory",
          "Dance"
        ]
      }
    },
    {
      "name": "Photography",
      "type": "skill",
      "img": "icons/tools/instruments/camera-pinhole-bellow.webp",
      "system": {
        "description": "<p>The art of capturing images using photographic equipment. Includes developing and processing.</p>",
        "category": "Basic",
        "attribute": "wit",
        "specializations": [
          "Portraits",
          "Documentation",
          "Development"
        ]
      }
    },
    {
      "name": "Ride",
      "type": "skill",
      "img": "icons/equipment/head/hood-cowl-fur-tan.webp",
      "system": {
        "description": "<p>The ability to ride and control horses and other mounts.</p>",
        "category": "Basic",
        "attribute": "coordination",
        "specializations": [
          "Combat",
          "Jumping",
          "Endurance Riding"
        ]
      }
    },
    {
      "name": "Torture",
      "type": "skill",
      "img": "icons/tools/smithing/pliers-steel.webp",
      "system": {
        "description": "<p>Knowledge of methods for inflicting pain to extract information or punish. A dark skill used by interrogators and sadists.</p>",
        "category": "Basic",
        "attribute": "intellect",
        "specializations": [
          "Physical",
          "Psychological",
          "Prolonged"
        ]
      }
    },
    {
      "name": "Trade",
      "type": "skill",
      "img": "icons/tools/smithing/hammer-claw.webp",
      "system": {
        "description": "<p>Knowledge of a specific trade or craft. Each trade is a separate specialization.</p>",
        "category": "Basic",
        "attribute": "intellect",
        "specializations": [
          "Smithing",
          "Carpentry",
          "Tailoring",
          "Cooking",
          "Mechanics"
        ]
      }
    },
    {
      "name": "Tracking",
      "type": "skill",
      "img": "icons/skills/trades/woodcutting-logging-axe-stump.webp",
      "system": {
        "description": "<p>The ability to follow trails and track creatures or people through various terrains.</p>",
        "category": "Basic",
        "attribute": "wit",
        "specializations": [
          "Urban",
          "Wilderness",
          "Animates",
          "Humans"
        ]
      }
    },
    {
      "name": "Artillery",
      "type": "skill",
      "img": "icons/weapons/ammunition/cannonball-stack.webp",
      "system": {
        "description": "<p>Operation of heavy weapons including cannons, mortars, and galvanic artillery.</p>",
        "category": "Combat",
        "attribute": "coordination",
        "specializations": [
          "Cannons",
          "Mortars",
          "Galvanic Weapons"
        ]
      }
    },
    {
      "name": "Melee Weapon",
      "type": "skill",
      "img": "icons/weapons/swords/sword-guard-bronze.webp",
      "system": {
        "description": "<p>Combat with handheld weapons including swords, knives, axes, and improvised weapons.</p>",
        "category": "Combat",
        "attribute": "coordination",
        "specializations": [
          "Swords",
          "Knives",
          "Clubs",
          "Improvised"
        ]
      }
    },
    {
      "name": "Pistol",
      "type": "skill",
      "img": "icons/weapons/guns/gun-pistol-flintlock-metal.webp",
      "system": {
        "description": "<p>Combat with handguns, including revolvers and semi-automatic pistols.</p>",
        "category": "Combat",
        "attribute": "coordination",
        "specializations": [
          "Revolvers",
          "Semi-Automatic",
          "Quick Draw"
        ]
      }
    },
    {
      "name": "Rifle",
      "type": "skill",
      "img": "icons/weapons/guns/gun-rifle-brown.webp",
      "system": {
        "description": "<p>Combat with long arms, including bolt-action rifles and shotguns.</p>",
        "category": "Combat",
        "attribute": "coordination",
        "specializations": [
          "Bolt-Action",
          "Shotguns",
          "Sniping"
        ]
      }
    },
    {
      "name": "Thrown Weapon",
      "type": "skill",
      "img": "icons/weapons/thrown/knife-throwing-blue-red.webp",
      "system": {
        "description": "<p>Combat with thrown weapons, including knives, grenades, and improvised projectiles.</p>",
        "category": "Combat",
        "attribute": "coordination",
        "specializations": [
          "Knives",
          "Grenades",
          "Improvised"
        ]
      }
    },
    {
      "name": "Unarmed Combat",
      "type": "skill",
      "img": "icons/skills/melee/unarmed-punch-fist.webp",
      "system": {
        "description": "<p>Fighting without weapons, including punching, kicking, wrestling, and grappling.</p>",
        "category": "Combat",
        "attribute": "coordination",
        "specializations": [
          "Boxing",
          "Wrestling",
          "Martial Arts"
        ]
      }
    },
    {
      "name": "Escapology",
      "type": "skill",
      "img": "icons/tools/chains/chain-rusted-tan.webp",
      "system": {
        "description": "<p>The art of escaping from restraints, including ropes, chains, and locks.</p>",
        "category": "Criminal",
        "attribute": "coordination",
        "specializations": [
          "Ropes",
          "Locks",
          "Chains",
          "Straitjackets"
        ]
      }
    },
    {
      "name": "Lock Picking",
      "type": "skill",
      "img": "icons/sundries/misc/lock-simple-gold.webp",
      "system": {
        "description": "<p>The ability to open locks without keys, including mechanical and simple locks.</p>",
        "category": "Criminal",
        "attribute": "coordination",
        "specializations": [
          "Simple Locks",
          "Complex Locks",
          "Safes"
        ]
      }
    },
    {
      "name": "Pick Pocket",
      "type": "skill",
      "img": "icons/containers/bags/pouch-simple-brown.webp",
      "system": {
        "description": "<p>The art of stealing items from a person without their knowledge.</p>",
        "category": "Criminal",
        "attribute": "coordination",
        "specializations": [
          "Wallets",
          "Jewelry",
          "Planting Items"
        ]
      }
    },
    {
      "name": "Shadow",
      "type": "skill",
      "img": "icons/skills/trades/profession-rogue-pickpocket.webp",
      "system": {
        "description": "<p>The ability to follow someone without being detected. Also used for surveillance.</p>",
        "category": "Criminal",
        "attribute": "wit",
        "specializations": [
          "Urban",
          "Night",
          "Counter-Surveillance"
        ]
      }
    },
    {
      "name": "Streetwise",
      "type": "skill",
      "img": "icons/environment/people/commoner.webp",
      "system": {
        "description": "<p>Knowledge of the criminal underworld, including contacts, locations, and how to acquire illegal goods.</p>",
        "category": "Criminal",
        "attribute": "charm",
        "specializations": [
          "Contacts",
          "Black Market",
          "Criminal Territories"
        ]
      }
    }
  ]
}